[{"model": "admin.logentry", "pk": 1, "fields": {"action_time": "2023-05-21T15:12:40.850Z", "user": 2, "content_type": 3, "object_id": "1", "object_repr": "author", "action_flag": 1, "change_message": "[{\"added\": {}}]"}}, {"model": "admin.logentry", "pk": 2, "fields": {"action_time": "2023-05-21T15:12:44.702Z", "user": 2, "content_type": 3, "object_id": "2", "object_repr": "common", "action_flag": 1, "change_message": "[{\"added\": {}}]"}}, {"model": "admin.logentry", "pk": 3, "fields": {"action_time": "2023-05-21T15:14:21.609Z", "user": 2, "content_type": 3, "object_id": "1", "object_repr": "author", "action_flag": 2, "change_message": "[{\"changed\": {\"fields\": [\"Permissions\"]}}]"}}, {"model": "admin.logentry", "pk": 4, "fields": {"action_time": "2023-05-21T15:36:30.054Z", "user": 2, "content_type": 11, "object_id": "6", "object_repr": "Новая Новость: Новая новость Новая ", "action_flag": 1, "change_message": "[{\"added\": {}}]"}}, {"model": "admin.logentry", "pk": 5, "fields": {"action_time": "2023-05-21T15:38:27.262Z", "user": 2, "content_type": 12, "object_id": "6", "object_repr": "PostCategory object (6)", "action_flag": 1, "change_message": "[{\"added\": {}}]"}}, {"model": "admin.logentry", "pk": 6, "fields": {"action_time": "2023-05-21T15:40:15.374Z", "user": 2, "content_type": 11, "object_id": "7", "object_repr": "'Type': Forms.Select(Attrs={'Class': 'Form-Control'}),: 'type': forms.Select", "action_flag": 1, "change_message": "[{\"added\": {}}]"}}, {"model": "admin.logentry", "pk": 7, "fields": {"action_time": "2023-05-21T15:48:10.349Z", "user": 2, "content_type": 11, "object_id": "8", "object_repr": "Dsfkmslkmfslk: lfkmdslfms dm  m md ", "action_flag": 2, "change_message": "[{\"changed\": {\"fields\": [\"Text\"]}}]"}}, {"model": "admin.logentry", "pk": 8, "fields": {"action_time": "2023-05-21T15:50:19.422Z", "user": 2, "content_type": 11, "object_id": "10", "object_repr": "Dtfyguhijkfcgvhjikl 78 787 8: cvbhjkl h lhjhljh uh", "action_flag": 2, "change_message": "[{\"changed\": {\"fields\": [\"Title\", \"Text\"]}}]"}}, {"model": "admin.logentry", "pk": 9, "fields": {"action_time": "2023-05-22T20:25:54.690Z", "user": 2, "content_type": 10, "object_id": "1", "object_repr": "Sport", "action_flag": 2, "change_message": "[{\"changed\": {\"fields\": [\"Subscribe\"]}}]"}}, {"model": "admin.logentry", "pk": 10, "fields": {"action_time": "2023-05-22T20:52:44.490Z", "user": 2, "content_type": 10, "object_id": "1", "object_repr": "Sport", "action_flag": 2, "change_message": "[{\"changed\": {\"fields\": [\"Subscribe\"]}}]"}}, {"model": "auth.permission", "pk": 1, "fields": {"name": "Can add log entry", "content_type": 1, "codename": "add_logentry"}}, {"model": "auth.permission", "pk": 2, "fields": {"name": "Can change log entry", "content_type": 1, "codename": "change_logentry"}}, {"model": "auth.permission", "pk": 3, "fields": {"name": "Can delete log entry", "content_type": 1, "codename": "delete_logentry"}}, {"model": "auth.permission", "pk": 4, "fields": {"name": "Can view log entry", "content_type": 1, "codename": "view_logentry"}}, {"model": "auth.permission", "pk": 5, "fields": {"name": "Can add permission", "content_type": 2, "codename": "add_permission"}}, {"model": "auth.permission", "pk": 6, "fields": {"name": "Can change permission", "content_type": 2, "codename": "change_permission"}}, {"model": "auth.permission", "pk": 7, "fields": {"name": "Can delete permission", "content_type": 2, "codename": "delete_permission"}}, {"model": "auth.permission", "pk": 8, "fields": {"name": "Can view permission", "content_type": 2, "codename": "view_permission"}}, {"model": "auth.permission", "pk": 9, "fields": {"name": "Can add group", "content_type": 3, "codename": "add_group"}}, {"model": "auth.permission", "pk": 10, "fields": {"name": "Can change group", "content_type": 3, "codename": "change_group"}}, {"model": "auth.permission", "pk": 11, "fields": {"name": "Can delete group", "content_type": 3, "codename": "delete_group"}}, {"model": "auth.permission", "pk": 12, "fields": {"name": "Can view group", "content_type": 3, "codename": "view_group"}}, {"model": "auth.permission", "pk": 13, "fields": {"name": "Can add user", "content_type": 4, "codename": "add_user"}}, {"model": "auth.permission", "pk": 14, "fields": {"name": "Can change user", "content_type": 4, "codename": "change_user"}}, {"model": "auth.permission", "pk": 15, "fields": {"name": "Can delete user", "content_type": 4, "codename": "delete_user"}}, {"model": "auth.permission", "pk": 16, "fields": {"name": "Can view user", "content_type": 4, "codename": "view_user"}}, {"model": "auth.permission", "pk": 17, "fields": {"name": "Can add content type", "content_type": 5, "codename": "add_contenttype"}}, {"model": "auth.permission", "pk": 18, "fields": {"name": "Can change content type", "content_type": 5, "codename": "change_contenttype"}}, {"model": "auth.permission", "pk": 19, "fields": {"name": "Can delete content type", "content_type": 5, "codename": "delete_contenttype"}}, {"model": "auth.permission", "pk": 20, "fields": {"name": "Can view content type", "content_type": 5, "codename": "view_contenttype"}}, {"model": "auth.permission", "pk": 21, "fields": {"name": "Can add session", "content_type": 6, "codename": "add_session"}}, {"model": "auth.permission", "pk": 22, "fields": {"name": "Can change session", "content_type": 6, "codename": "change_session"}}, {"model": "auth.permission", "pk": 23, "fields": {"name": "Can delete session", "content_type": 6, "codename": "delete_session"}}, {"model": "auth.permission", "pk": 24, "fields": {"name": "Can view session", "content_type": 6, "codename": "view_session"}}, {"model": "auth.permission", "pk": 25, "fields": {"name": "Can add site", "content_type": 7, "codename": "add_site"}}, {"model": "auth.permission", "pk": 26, "fields": {"name": "Can change site", "content_type": 7, "codename": "change_site"}}, {"model": "auth.permission", "pk": 27, "fields": {"name": "Can delete site", "content_type": 7, "codename": "delete_site"}}, {"model": "auth.permission", "pk": 28, "fields": {"name": "Can view site", "content_type": 7, "codename": "view_site"}}, {"model": "auth.permission", "pk": 29, "fields": {"name": "Can add flat page", "content_type": 8, "codename": "add_flatpage"}}, {"model": "auth.permission", "pk": 30, "fields": {"name": "Can change flat page", "content_type": 8, "codename": "change_flatpage"}}, {"model": "auth.permission", "pk": 31, "fields": {"name": "Can delete flat page", "content_type": 8, "codename": "delete_flatpage"}}, {"model": "auth.permission", "pk": 32, "fields": {"name": "Can view flat page", "content_type": 8, "codename": "view_flatpage"}}, {"model": "auth.permission", "pk": 33, "fields": {"name": "Can add appointment", "content_type": 9, "codename": "add_appointment"}}, {"model": "auth.permission", "pk": 34, "fields": {"name": "Can change appointment", "content_type": 9, "codename": "change_appointment"}}, {"model": "auth.permission", "pk": 35, "fields": {"name": "Can delete appointment", "content_type": 9, "codename": "delete_appointment"}}, {"model": "auth.permission", "pk": 36, "fields": {"name": "Can view appointment", "content_type": 9, "codename": "view_appointment"}}, {"model": "auth.permission", "pk": 37, "fields": {"name": "Can add category", "content_type": 10, "codename": "add_category"}}, {"model": "auth.permission", "pk": 38, "fields": {"name": "Can change category", "content_type": 10, "codename": "change_category"}}, {"model": "auth.permission", "pk": 39, "fields": {"name": "Can delete category", "content_type": 10, "codename": "delete_category"}}, {"model": "auth.permission", "pk": 40, "fields": {"name": "Can view category", "content_type": 10, "codename": "view_category"}}, {"model": "auth.permission", "pk": 41, "fields": {"name": "Can add post", "content_type": 11, "codename": "add_post"}}, {"model": "auth.permission", "pk": 42, "fields": {"name": "Can change post", "content_type": 11, "codename": "change_post"}}, {"model": "auth.permission", "pk": 43, "fields": {"name": "Can delete post", "content_type": 11, "codename": "delete_post"}}, {"model": "auth.permission", "pk": 44, "fields": {"name": "Can view post", "content_type": 11, "codename": "view_post"}}, {"model": "auth.permission", "pk": 45, "fields": {"name": "Can add post category", "content_type": 12, "codename": "add_postcategory"}}, {"model": "auth.permission", "pk": 46, "fields": {"name": "Can change post category", "content_type": 12, "codename": "change_postcategory"}}, {"model": "auth.permission", "pk": 47, "fields": {"name": "Can delete post category", "content_type": 12, "codename": "delete_postcategory"}}, {"model": "auth.permission", "pk": 48, "fields": {"name": "Can view post category", "content_type": 12, "codename": "view_postcategory"}}, {"model": "auth.permission", "pk": 49, "fields": {"name": "Can add comment", "content_type": 13, "codename": "add_comment"}}, {"model": "auth.permission", "pk": 50, "fields": {"name": "Can change comment", "content_type": 13, "codename": "change_comment"}}, {"model": "auth.permission", "pk": 51, "fields": {"name": "Can delete comment", "content_type": 13, "codename": "delete_comment"}}, {"model": "auth.permission", "pk": 52, "fields": {"name": "Can view comment", "content_type": 13, "codename": "view_comment"}}, {"model": "auth.permission", "pk": 53, "fields": {"name": "Can add category subscribe", "content_type": 14, "codename": "add_categorysubscribe"}}, {"model": "auth.permission", "pk": 54, "fields": {"name": "Can change category subscribe", "content_type": 14, "codename": "change_categorysubscribe"}}, {"model": "auth.permission", "pk": 55, "fields": {"name": "Can delete category subscribe", "content_type": 14, "codename": "delete_categorysubscribe"}}, {"model": "auth.permission", "pk": 56, "fields": {"name": "Can view category subscribe", "content_type": 14, "codename": "view_categorysubscribe"}}, {"model": "auth.permission", "pk": 57, "fields": {"name": "Can add author", "content_type": 15, "codename": "add_author"}}, {"model": "auth.permission", "pk": 58, "fields": {"name": "Can change author", "content_type": 15, "codename": "change_author"}}, {"model": "auth.permission", "pk": 59, "fields": {"name": "Can delete author", "content_type": 15, "codename": "delete_author"}}, {"model": "auth.permission", "pk": 60, "fields": {"name": "Can view author", "content_type": 15, "codename": "view_author"}}, {"model": "auth.permission", "pk": 61, "fields": {"name": "Can add email address", "content_type": 16, "codename": "add_emailaddress"}}, {"model": "auth.permission", "pk": 62, "fields": {"name": "Can change email address", "content_type": 16, "codename": "change_emailaddress"}}, {"model": "auth.permission", "pk": 63, "fields": {"name": "Can delete email address", "content_type": 16, "codename": "delete_emailaddress"}}, {"model": "auth.permission", "pk": 64, "fields": {"name": "Can view email address", "content_type": 16, "codename": "view_emailaddress"}}, {"model": "auth.permission", "pk": 65, "fields": {"name": "Can add email confirmation", "content_type": 17, "codename": "add_emailconfirmation"}}, {"model": "auth.permission", "pk": 66, "fields": {"name": "Can change email confirmation", "content_type": 17, "codename": "change_emailconfirmation"}}, {"model": "auth.permission", "pk": 67, "fields": {"name": "Can delete email confirmation", "content_type": 17, "codename": "delete_emailconfirmation"}}, {"model": "auth.permission", "pk": 68, "fields": {"name": "Can view email confirmation", "content_type": 17, "codename": "view_emailconfirmation"}}, {"model": "auth.permission", "pk": 69, "fields": {"name": "Can add social account", "content_type": 18, "codename": "add_socialaccount"}}, {"model": "auth.permission", "pk": 70, "fields": {"name": "Can change social account", "content_type": 18, "codename": "change_socialaccount"}}, {"model": "auth.permission", "pk": 71, "fields": {"name": "Can delete social account", "content_type": 18, "codename": "delete_socialaccount"}}, {"model": "auth.permission", "pk": 72, "fields": {"name": "Can view social account", "content_type": 18, "codename": "view_socialaccount"}}, {"model": "auth.permission", "pk": 73, "fields": {"name": "Can add social application", "content_type": 19, "codename": "add_socialapp"}}, {"model": "auth.permission", "pk": 74, "fields": {"name": "Can change social application", "content_type": 19, "codename": "change_socialapp"}}, {"model": "auth.permission", "pk": 75, "fields": {"name": "Can delete social application", "content_type": 19, "codename": "delete_socialapp"}}, {"model": "auth.permission", "pk": 76, "fields": {"name": "Can view social application", "content_type": 19, "codename": "view_socialapp"}}, {"model": "auth.permission", "pk": 77, "fields": {"name": "Can add social application token", "content_type": 20, "codename": "add_socialtoken"}}, {"model": "auth.permission", "pk": 78, "fields": {"name": "Can change social application token", "content_type": 20, "codename": "change_socialtoken"}}, {"model": "auth.permission", "pk": 79, "fields": {"name": "Can delete social application token", "content_type": 20, "codename": "delete_socialtoken"}}, {"model": "auth.permission", "pk": 80, "fields": {"name": "Can view social application token", "content_type": 20, "codename": "view_socialtoken"}}, {"model": "auth.permission", "pk": 81, "fields": {"name": "Can add daily post limit", "content_type": 21, "codename": "add_dailypostlimit"}}, {"model": "auth.permission", "pk": 82, "fields": {"name": "Can change daily post limit", "content_type": 21, "codename": "change_dailypostlimit"}}, {"model": "auth.permission", "pk": 83, "fields": {"name": "Can delete daily post limit", "content_type": 21, "codename": "delete_dailypostlimit"}}, {"model": "auth.permission", "pk": 84, "fields": {"name": "Can view daily post limit", "content_type": 21, "codename": "view_dailypostlimit"}}, {"model": "auth.permission", "pk": 85, "fields": {"name": "Can add django job", "content_type": 22, "codename": "add_djangojob"}}, {"model": "auth.permission", "pk": 86, "fields": {"name": "Can change django job", "content_type": 22, "codename": "change_djangojob"}}, {"model": "auth.permission", "pk": 87, "fields": {"name": "Can delete django job", "content_type": 22, "codename": "delete_djangojob"}}, {"model": "auth.permission", "pk": 88, "fields": {"name": "Can view django job", "content_type": 22, "codename": "view_djangojob"}}, {"model": "auth.permission", "pk": 89, "fields": {"name": "Can add django job execution", "content_type": 23, "codename": "add_djangojobexecution"}}, {"model": "auth.permission", "pk": 90, "fields": {"name": "Can change django job execution", "content_type": 23, "codename": "change_djangojobexecution"}}, {"model": "auth.permission", "pk": 91, "fields": {"name": "Can delete django job execution", "content_type": 23, "codename": "delete_djangojobexecution"}}, {"model": "auth.permission", "pk": 92, "fields": {"name": "Can view django job execution", "content_type": 23, "codename": "view_djangojobexecution"}}, {"model": "auth.group", "pk": 1, "fields": {"name": "author", "permissions": [41, 42]}}, {"model": "auth.group", "pk": 2, "fields": {"name": "common", "permissions": []}}, {"model": "auth.user", "pk": 1, "fields": {"password": "pbkdf2_sha256$600000$EnpuFEiDiZanLsKGc6zHSA$pG275I9eOKPUsFgvcWwvCTINfr3Lmxgbyx60gV4fRiA=", "last_login": "2023-05-22T20:15:11.772Z", "is_superuser": false, "username": "aak96", "first_name": "", "last_name": "", "email": "a@ak96.ru", "is_staff": false, "is_active": true, "date_joined": "2023-05-21T15:11:13.457Z", "groups": [1], "user_permissions": []}}, {"model": "auth.user", "pk": 2, "fields": {"password": "pbkdf2_sha256$600000$KIIy7NI7FC3B2R5OjQHN3f$TQ3lyhou7VGCmg3wOzcBLB4lljFrZOGE6Cp2TXll0Ss=", "last_login": "2023-05-22T21:33:39.893Z", "is_superuser": true, "username": "admin", "first_name": "", "last_name": "", "email": "", "is_staff": true, "is_active": true, "date_joined": "2023-05-21T15:12:08.264Z", "groups": [1], "user_permissions": []}}, {"model": "auth.user", "pk": 3, "fields": {"password": "pbkdf2_sha256$600000$fnUTVklbZUXQSTvKG7SeDS$KFXxiJxCg/XD1BhPUAvG2nuM6UejGr8R1y04DujVytU=", "last_login": null, "is_superuser": false, "username": "Marinochka", "first_name": "", "last_name": "", "email": "g77777m@mail.ru", "is_staff": false, "is_active": true, "date_joined": "2023-05-22T20:16:49.548Z", "groups": [2], "user_permissions": []}}, {"model": "auth.user", "pk": 4, "fields": {"password": "pbkdf2_sha256$600000$B3bDzhSXkpVrS0AXpxU2nx$yCr8UmCi5eZboTR6EW/N3N0RNv5Ng4T1O5viLiJ/8Sg=", "last_login": null, "is_superuser": false, "username": "Marinochka1", "first_name": "", "last_name": "", "email": "g77777m@gmail.com", "is_staff": false, "is_active": true, "date_joined": "2023-05-22T20:19:30.188Z", "groups": [2], "user_permissions": []}}, {"model": "auth.user", "pk": 5, "fields": {"password": "pbkdf2_sha256$600000$uxqoA1l1dr79d78JUxIhli$4/gmkFwsHzl3VHjaTX511sThTGTi9AOzYXjwDof5LLM=", "last_login": "2023-05-22T20:31:45.981Z", "is_superuser": false, "username": "Marinochka2", "first_name": "", "last_name": "", "email": "mgamaleeva@gmail.com", "is_staff": false, "is_active": true, "date_joined": "2023-05-22T20:22:37.021Z", "groups": [1, 2], "user_permissions": []}}, {"model": "auth.user", "pk": 6, "fields": {"password": "pbkdf2_sha256$600000$1sSXmrwhaYI6gQVEwfX9kZ$HcG+hDtIs56sAju9PaoL+fMsnw00J5dOHsY/o56U2aU=", "last_login": "2023-05-22T20:57:14.434Z", "is_superuser": false, "username": "su8scriber1", "first_name": "", "last_name": "", "email": "su8scriber1@gmail.com", "is_staff": false, "is_active": true, "date_joined": "2023-05-22T20:56:56.873Z", "groups": [1, 2], "user_permissions": []}}, {"model": "contenttypes.contenttype", "pk": 1, "fields": {"app_label": "admin", "model": "logentry"}}, {"model": "contenttypes.contenttype", "pk": 2, "fields": {"app_label": "auth", "model": "permission"}}, {"model": "contenttypes.contenttype", "pk": 3, "fields": {"app_label": "auth", "model": "group"}}, {"model": "contenttypes.contenttype", "pk": 4, "fields": {"app_label": "auth", "model": "user"}}, {"model": "contenttypes.contenttype", "pk": 5, "fields": {"app_label": "contenttypes", "model": "contenttype"}}, {"model": "contenttypes.contenttype", "pk": 6, "fields": {"app_label": "sessions", "model": "session"}}, {"model": "contenttypes.contenttype", "pk": 7, "fields": {"app_label": "sites", "model": "site"}}, {"model": "contenttypes.contenttype", "pk": 8, "fields": {"app_label": "flatpages", "model": "flatpage"}}, {"model": "contenttypes.contenttype", "pk": 9, "fields": {"app_label": "NewsPortal", "model": "appointment"}}, {"model": "contenttypes.contenttype", "pk": 10, "fields": {"app_label": "NewsPortal", "model": "category"}}, {"model": "contenttypes.contenttype", "pk": 11, "fields": {"app_label": "NewsPortal", "model": "post"}}, {"model": "contenttypes.contenttype", "pk": 12, "fields": {"app_label": "NewsPortal", "model": "postcategory"}}, {"model": "contenttypes.contenttype", "pk": 13, "fields": {"app_label": "NewsPortal", "model": "comment"}}, {"model": "contenttypes.contenttype", "pk": 14, "fields": {"app_label": "NewsPortal", "model": "categorysubscribe"}}, {"model": "contenttypes.contenttype", "pk": 15, "fields": {"app_label": "NewsPortal", "model": "author"}}, {"model": "contenttypes.contenttype", "pk": 16, "fields": {"app_label": "account", "model": "emailaddress"}}, {"model": "contenttypes.contenttype", "pk": 17, "fields": {"app_label": "account", "model": "emailconfirmation"}}, {"model": "contenttypes.contenttype", "pk": 18, "fields": {"app_label": "socialaccount", "model": "socialaccount"}}, {"model": "contenttypes.contenttype", "pk": 19, "fields": {"app_label": "socialaccount", "model": "socialapp"}}, {"model": "contenttypes.contenttype", "pk": 20, "fields": {"app_label": "socialaccount", "model": "socialtoken"}}, {"model": "contenttypes.contenttype", "pk": 21, "fields": {"app_label": "NewsPortal", "model": "dailypostlimit"}}, {"model": "contenttypes.contenttype", "pk": 22, "fields": {"app_label": "django_apscheduler", "model": "djangojob"}}, {"model": "contenttypes.contenttype", "pk": 23, "fields": {"app_label": "django_apscheduler", "model": "djangojobexecution"}}, {"model": "sessions.session", "pk": "mneeg3ceq043mvhn01dh7fp0hwjrczst", "fields": {"session_data": ".eJxVjDkOwjAUBe_iGlnfCyampM8ZrL84OIAcKU4qxN1JpBTQzsx7b5VwXUpaW57TKOqqrDr9MkJ-5roLeWC9T5qnuswj6T3Rh226nyS_bkf7d1CwlW1NF-qygB8MsQMnHjiAD2Ew4qwnE4x4icgmxi4DA8ezEbQbyBgdBPX5AubsN-E:1q1D9v:hZrr82216Tq1zIqL_h_h7hOZjnIfgiEttKwQehMQCXw", "expire_date": "2023-06-05T21:33:39.896Z"}}, {"model": "sites.site", "pk": 1, "fields": {"domain": "example.com", "name": "example.com"}}, {"model": "NewsPortal.category", "pk": 1, "fields": {"name": "Sport"}}, {"model": "NewsPortal.categorysubscribe", "pk": 1, "fields": {"category": 1, "subscriber": 2}}, {"model": "NewsPortal.categorysubscribe", "pk": 2, "fields": {"category": 1, "subscriber": 5}}, {"model": "NewsPortal.categorysubscribe", "pk": 3, "fields": {"category": 1, "subscriber": 6}}, {"model": "NewsPortal.post", "pk": 1, "fields": {"author": 1, "type": "NW", "time_in": "2023-05-21T15:15:00.116Z", "title": "Добавление новости", "text": "Добавление новостиДобавление новостиДобавление новостиДобавление новостиДобавление новостиДобавление новостиДобавление новостиДобавление новостиДобавление новостиДобавление новостиДобавление новостиДобавление новостиДобавление новостиДобавление новости", "rating": 0}}, {"model": "NewsPortal.post", "pk": 2, "fields": {"author": 1, "type": "NW", "time_in": "2023-05-21T15:15:00.881Z", "title": "Добавление новости", "text": "Добавление новостиДобавление новостиДобавление новостиДобавление новостиДобавление новостиДобавление новостиДобавление новостиДобавление новостиДобавление новостиДобавление новостиДобавление новостиДобавление новостиДобавление новостиДобавление новости", "rating": 0}}, {"model": "NewsPortal.post", "pk": 3, "fields": {"author": 1, "type": "NW", "time_in": "2023-05-21T15:16:48.868Z", "title": "Добавление новости", "text": "Добавление новостиДобавление новостиДобавление новостиДобавление новостиДобавление новостиДобавление новостиДобавление новости", "rating": 0}}, {"model": "NewsPortal.post", "pk": 4, "fields": {"author": 1, "type": "NW", "time_in": "2023-05-21T15:20:50.907Z", "title": "Добавление новости", "text": "Добавление новостиДобавление новостиДобавление новостиДобавление новостиДобавление новостиДобавление новостиДобавление новостиДобавление новостиДобавление новости", "rating": 0}}, {"model": "NewsPortal.post", "pk": 5, "fields": {"author": 1, "type": "NW", "time_in": "2023-05-21T15:22:11.686Z", "title": "Добавление новости", "text": "Добавление новостиДобавление новостиДобавление новостиДобавление новостиДобавление новостиДобавление новостиДобавление новостиДобавление новостиДобавление новости", "rating": 0}}, {"model": "NewsPortal.post", "pk": 6, "fields": {"author": 1, "type": "NW", "time_in": "2023-05-21T15:36:30.053Z", "title": "Новая новость", "text": "Новая новость Новая новостьНовая новостьНовая новостьНовая новостьНовая новостьНовая новостьНовая новостьНовая новостьНовая новостьНовая новостьНовая новостьНовая новостьНовая новостьНовая новостьНовая новостьНовая новостьНовая новость", "rating": 0}}, {"model": "NewsPortal.post", "pk": 7, "fields": {"author": 1, "type": "NW", "time_in": "2023-05-21T15:40:15.373Z", "title": "'type': forms.Select(attrs={'class': 'form-control'}),", "text": "'type': forms.Select(attrs={'class': 'form-control'}),\r\n            'type': forms.Select(attrs={'class': 'form-control'}),\r\nv", "rating": 0}}, {"model": "NewsPortal.post", "pk": 8, "fields": {"author": 1, "type": "NW", "time_in": "2023-05-21T15:47:25.427Z", "title": "dsfkmslkmfslk", "text": "lfkmdslfms dm  m md dlkmflsdkfkdlsmflksdlf lkmdlfkmsdl", "rating": 0}}, {"model": "NewsPortal.post", "pk": 9, "fields": {"author": 1, "type": "NW", "time_in": "2023-05-21T15:49:23.612Z", "title": "dtfyguhijkfcgvhjikl", "text": "cvbhjkl h lhjhljh uhkjkh kjh jh kjh k", "rating": 0}}, {"model": "NewsPortal.post", "pk": 10, "fields": {"author": 1, "type": "NW", "time_in": "2023-05-21T15:49:51.677Z", "title": "dtfyguhijkfcgvhjikl 78 787 8", "text": "nn n n ncvbhjkl h lhjhljh uhkjkh kjh jh kjh k jnkjnkjnkj", "rating": 0}}, {"model": "NewsPortal.post", "pk": 11, "fields": {"author": 1, "type": "NW", "time_in": "2023-05-21T15:59:12.362Z", "title": "xdfcghvbjnkml", "text": "cgvhjbknmlbnm hjkl cfghujikoljbhv", "rating": 0}}, {"model": "NewsPortal.post", "pk": 12, "fields": {"author": 1, "type": "NW", "time_in": "2023-05-21T16:01:15.412Z", "title": "sdfkmsdklfmlk", "text": "lkmflkmsflkmsl kmlskmdflkmsdlfkmlsdmflskdm", "rating": 0}}, {"model": "NewsPortal.post", "pk": 13, "fields": {"author": 1, "type": "NW", "time_in": "2023-05-21T16:03:19.248Z", "title": "sdxcfghvbjn", "text": "dftyguhijkocfgvhujikxdftgyhujihgvbjkl", "rating": 0}}, {"model": "NewsPortal.post", "pk": 14, "fields": {"author": 1, "type": "NW", "time_in": "2023-05-21T16:04:38.096Z", "title": "flsdkmlkdsl", "text": "mvlksdmdvlmdslvldskml kmsdlvkmlsdmvlksdmvlksdmlvks", "rating": 0}}, {"model": "NewsPortal.post", "pk": 15, "fields": {"author": 1, "type": "NW", "time_in": "2023-05-21T16:08:34.493Z", "title": "flskmlksdmlkmfl", "text": "lfkmlskdmlfmsdlmflskdflksd", "rating": 0}}, {"model": "NewsPortal.post", "pk": 16, "fields": {"author": 1, "type": "NW", "time_in": "2023-05-21T16:17:39.549Z", "title": "kjnkjsdnvkndsvkj", "text": "vkjnsdkvnsdknvksdj dsklfdskflksdlkfdskl", "rating": 0}}, {"model": "NewsPortal.post", "pk": 17, "fields": {"author": 1, "type": "NW", "time_in": "2023-05-21T19:13:29.558Z", "title": "вдльадьывдаль", "text": "выльадьывдадвлыьадвлы", "rating": 0}}, {"model": "NewsPortal.post", "pk": 18, "fields": {"author": 1, "type": "NW", "time_in": "2023-05-21T19:13:42.337Z", "title": "двлыьадлвыьдаьыдвль", "text": "авыльадывьдальывдлдвлыьадлыьвдаывь", "rating": 0}}, {"model": "NewsPortal.post", "pk": 19, "fields": {"author": 1, "type": "NW", "time_in": "2023-05-21T19:13:53.697Z", "title": "ывдальывдьадльывадльдывль", "text": "аьвыдлаьдывльадьывдальывдьадльвыдальдывльадлывь", "rating": 0}}, {"model": "NewsPortal.post", "pk": 20, "fields": {"author": 1, "type": "NW", "time_in": "2023-05-21T19:14:04.949Z", "title": "авыдаьдывьадвлыьдаьыдвьл", "text": "адвьыдальдывльадывьдаьывльадлвыьдальывдьадвлыьадлыв", "rating": 0}}, {"model": "NewsPortal.post", "pk": 21, "fields": {"author": 1, "type": "NW", "time_in": "2023-05-21T19:19:49.448Z", "title": "ldkfmlkdsmflksdm", "text": "lkmfdslmflkdsmlfmdslkmflksmd", "rating": 0}}, {"model": "NewsPortal.post", "pk": 22, "fields": {"author": 1, "type": "NW", "time_in": "2023-05-21T19:19:59.765Z", "title": "dksmlfmldskm", "text": "lmkflkmdslfmsdlkmflsdkmf", "rating": 0}}, {"model": "NewsPortal.post", "pk": 23, "fields": {"author": 1, "type": "NW", "time_in": "2023-05-21T19:20:10.430Z", "title": "fdsfsdkmflmsdlfmlsdmfl", "text": "lfmsdlkmflksmdlfkmlsdkmfldskmflkmdlkfmsldkmflksmdlf", "rating": 0}}, {"model": "NewsPortal.post", "pk": 24, "fields": {"author": 1, "type": "NW", "time_in": "2023-05-21T19:20:20.520Z", "title": "dsklfmlsdmflsdmflkm", "text": "lmlfkmdslmflsdmlfmsdlkmfldksmlfkmlsdkmflkdsm", "rating": 0}}, {"model": "NewsPortal.post", "pk": 25, "fields": {"author": 1, "type": "NW", "time_in": "2023-05-21T19:20:29.308Z", "title": "dlmflsdmflmsldkmflk", "text": "lmflsdmlfmsldmflkmsdlfmldskmflkdsm", "rating": 0}}, {"model": "NewsPortal.post", "pk": 26, "fields": {"author": 1, "type": "NW", "time_in": "2023-05-22T07:34:14.511Z", "title": "nkjdnekjfn", "text": "fjkndskjfnsdkjddmfmsd", "rating": 0}}, {"model": "NewsPortal.post", "pk": 27, "fields": {"author": 1, "type": "NW", "time_in": "2023-05-22T07:34:24.712Z", "title": "dsfmdsmf", "text": "fm,dsfm,sdfmsd,mf,msdfmsd,f", "rating": 0}}, {"model": "NewsPortal.post", "pk": 28, "fields": {"author": 1, "type": "NW", "time_in": "2023-05-22T07:34:34.454Z", "title": "dfmds,fms,", "text": "f,dsmfmsdm,fmsdm,f,smf,,m,", "rating": 0}}, {"model": "NewsPortal.post", "pk": 29, "fields": {"author": 1, "type": "NW", "time_in": "2023-05-22T07:34:44.936Z", "title": "dsfsd,fm,", "text": "fmds,f,dsfds,mf,dsflksdlfk", "rating": 0}}, {"model": "NewsPortal.post", "pk": 30, "fields": {"author": 1, "type": "NW", "time_in": "2023-05-22T15:57:31.678Z", "title": "jndkfnsdkn", "text": "kjnfdkjsnfkjnsdfkjnsdk", "rating": 2}}, {"model": "NewsPortal.post", "pk": 31, "fields": {"author": 2, "type": "NW", "time_in": "2023-05-22T16:50:54.680Z", "title": "kmlkmdkldfm", "text": "ldfkmsdlfmdslkfdskfkmdsfksd", "rating": 0}}, {"model": "NewsPortal.post", "pk": 32, "fields": {"author": 1, "type": "NW", "time_in": "2023-05-22T18:04:03.543Z", "title": "mskldmflkdmsflksd", "text": "lmdslfmsdlmflsdmlfmsldmflsmdlfks", "rating": 0}}, {"model": "NewsPortal.post", "pk": 36, "fields": {"author": 5, "type": "NW", "time_in": "2023-05-22T20:24:11.054Z", "title": "sdjfisdfklsdmflksdml", "text": "lfmldksmflkesdmflkmsdlk", "rating": 0}}, {"model": "NewsPortal.post", "pk": 37, "fields": {"author": 5, "type": "NW", "time_in": "2023-05-22T20:24:24.257Z", "title": "sldmflsdmflskm", "text": "lmflmdlfsmlkfmldkmflsdmlfksmdlk", "rating": 0}}, {"model": "NewsPortal.post", "pk": 51, "fields": {"author": 5, "type": "NW", "time_in": "2023-05-22T20:47:24.782Z", "title": "sdflmsdlkfm", "text": "lfkmsdlmflsdmlfkmsldkfdslkm", "rating": 0}}, {"model": "NewsPortal.post", "pk": 52, "fields": {"author": 6, "type": "NW", "time_in": "2023-05-22T20:57:42.283Z", "title": "fsdmflksmdlfk", "text": "lmflskdmfldsmlkfmskldmflsmldfmlskdmf", "rating": 0}}, {"model": "NewsPortal.post", "pk": 53, "fields": {"author": 1, "type": "NW", "time_in": "2023-05-23T10:22:58.497Z", "title": "лдьдьдьадывьд", "text": "льавдлыьадыьвдаьвдыльадлывьа", "rating": 0}}, {"model": "NewsPortal.post", "pk": 54, "fields": {"author": 1, "type": "NW", "time_in": "2023-05-23T10:22:59.107Z", "title": "лдьдьдьадывьд", "text": "льавдлыьадыьвдаьвдыльадлывьа", "rating": 0}}, {"model": "NewsPortal.post", "pk": 55, "fields": {"author": 1, "type": "NW", "time_in": "2023-05-24T17:36:46.100Z", "title": "hbjhbhjbjh", "text": "jkjnknkjnjkknjjknkjnknkjnkjn", "rating": 0}}, {"model": "NewsPortal.post", "pk": 56, "fields": {"author": 1, "type": "NW", "time_in": "2023-05-24T17:45:13.712Z", "title": "jkjnkj", "text": "ghbjnkmlkjhbgfdxcghvbjknl;kjhg", "rating": 0}}, {"model": "NewsPortal.post", "pk": 57, "fields": {"author": 1, "type": "NW", "time_in": "2023-05-24T17:49:22.453Z", "title": "zdxfcgvhbjnkmjnbhvgcf", "text": "sdcfghvbjnkljhgfdmmmmmmmm", "rating": 0}}, {"model": "NewsPortal.post", "pk": 58, "fields": {"author": 1, "type": "NW", "time_in": "2023-05-24T17:56:57.534Z", "title": "kmlkmlkmlmlkmlkmlkml", "text": "cfgvbhjnkml,kmjnhgvfdsxfcgvhbjnkml", "rating": 0}}, {"model": "NewsPortal.post", "pk": 59, "fields": {"author": 1, "type": "NW", "time_in": "2023-05-26T16:05:42.741Z", "title": "оололотлотлтло", "text": "апролщдлправпргшолщошргпавпрол", "rating": 0}}, {"model": "NewsPortal.post", "pk": 60, "fields": {"author": 1, "type": "NW", "time_in": "2023-05-26T16:09:02.977Z", "title": "ычвсампиртол", "text": "чвсапмриотльдбльотирпмсамрит", "rating": 0}}, {"model": "NewsPortal.post", "pk": 61, "fields": {"author": 1, "type": "NW", "time_in": "2023-05-26T16:40:05.326Z", "title": "ТЕСТ", "text": "1кеш кеш кеш кеш кеш кеш кеш кеш", "rating": 0}}, {"model": "NewsPortal.post", "pk": 62, "fields": {"author": 1, "type": "NW", "time_in": "2023-05-26T17:05:52.319Z", "title": "fdjsfsdfl", "text": "flkdslfksdlkflksdlfkjsldkfmlsdkm", "rating": 0}}, {"model": "NewsPortal.postcategory", "pk": 1, "fields": {"post": 1, "category": 1}}, {"model": "NewsPortal.postcategory", "pk": 2, "fields": {"post": 2, "category": 1}}, {"model": "NewsPortal.postcategory", "pk": 3, "fields": {"post": 3, "category": 1}}, {"model": "NewsPortal.postcategory", "pk": 4, "fields": {"post": 4, "category": 1}}, {"model": "NewsPortal.postcategory", "pk": 5, "fields": {"post": 5, "category": 1}}, {"model": "NewsPortal.postcategory", "pk": 6, "fields": {"post": 6, "category": 1}}, {"model": "NewsPortal.postcategory", "pk": 7, "fields": {"post": 8, "category": 1}}, {"model": "NewsPortal.postcategory", "pk": 8, "fields": {"post": 10, "category": 1}}, {"model": "NewsPortal.postcategory", "pk": 9, "fields": {"post": 11, "category": 1}}, {"model": "NewsPortal.postcategory", "pk": 10, "fields": {"post": 12, "category": 1}}, {"model": "NewsPortal.postcategory", "pk": 11, "fields": {"post": 13, "category": 1}}, {"model": "NewsPortal.postcategory", "pk": 12, "fields": {"post": 14, "category": 1}}, {"model": "NewsPortal.postcategory", "pk": 13, "fields": {"post": 15, "category": 1}}, {"model": "NewsPortal.postcategory", "pk": 14, "fields": {"post": 16, "category": 1}}, {"model": "NewsPortal.postcategory", "pk": 15, "fields": {"post": 17, "category": 1}}, {"model": "NewsPortal.postcategory", "pk": 16, "fields": {"post": 18, "category": 1}}, {"model": "NewsPortal.postcategory", "pk": 17, "fields": {"post": 19, "category": 1}}, {"model": "NewsPortal.postcategory", "pk": 18, "fields": {"post": 20, "category": 1}}, {"model": "NewsPortal.postcategory", "pk": 19, "fields": {"post": 21, "category": 1}}, {"model": "NewsPortal.postcategory", "pk": 20, "fields": {"post": 22, "category": 1}}, {"model": "NewsPortal.postcategory", "pk": 21, "fields": {"post": 23, "category": 1}}, {"model": "NewsPortal.postcategory", "pk": 22, "fields": {"post": 24, "category": 1}}, {"model": "NewsPortal.postcategory", "pk": 23, "fields": {"post": 25, "category": 1}}, {"model": "NewsPortal.postcategory", "pk": 24, "fields": {"post": 26, "category": 1}}, {"model": "NewsPortal.postcategory", "pk": 25, "fields": {"post": 27, "category": 1}}, {"model": "NewsPortal.postcategory", "pk": 26, "fields": {"post": 28, "category": 1}}, {"model": "NewsPortal.postcategory", "pk": 27, "fields": {"post": 29, "category": 1}}, {"model": "NewsPortal.postcategory", "pk": 28, "fields": {"post": 30, "category": 1}}, {"model": "NewsPortal.postcategory", "pk": 29, "fields": {"post": 31, "category": 1}}, {"model": "NewsPortal.postcategory", "pk": 30, "fields": {"post": 32, "category": 1}}, {"model": "NewsPortal.postcategory", "pk": 34, "fields": {"post": 36, "category": 1}}, {"model": "NewsPortal.postcategory", "pk": 35, "fields": {"post": 37, "category": 1}}, {"model": "NewsPortal.postcategory", "pk": 49, "fields": {"post": 51, "category": 1}}, {"model": "NewsPortal.postcategory", "pk": 50, "fields": {"post": 52, "category": 1}}, {"model": "NewsPortal.postcategory", "pk": 51, "fields": {"post": 53, "category": 1}}, {"model": "NewsPortal.postcategory", "pk": 52, "fields": {"post": 54, "category": 1}}, {"model": "NewsPortal.postcategory", "pk": 53, "fields": {"post": 55, "category": 1}}, {"model": "NewsPortal.postcategory", "pk": 54, "fields": {"post": 56, "category": 1}}, {"model": "NewsPortal.postcategory", "pk": 55, "fields": {"post": 57, "category": 1}}, {"model": "NewsPortal.postcategory", "pk": 56, "fields": {"post": 58, "category": 1}}, {"model": "NewsPortal.postcategory", "pk": 57, "fields": {"post": 59, "category": 1}}, {"model": "NewsPortal.postcategory", "pk": 58, "fields": {"post": 60, "category": 1}}, {"model": "NewsPortal.postcategory", "pk": 59, "fields": {"post": 61, "category": 1}}, {"model": "NewsPortal.postcategory", "pk": 60, "fields": {"post": 62, "category": 1}}, {"model": "account.emailaddress", "pk": 1, "fields": {"user": 1, "email": "a@ak96.ru", "verified": true, "primary": true}}, {"model": "account.emailaddress", "pk": 2, "fields": {"user": 3, "email": "g77777m@mail.ru", "verified": false, "primary": true}}, {"model": "account.emailaddress", "pk": 3, "fields": {"user": 4, "email": "g77777m@gmail.com", "verified": false, "primary": true}}, {"model": "account.emailaddress", "pk": 4, "fields": {"user": 5, "email": "mgamaleeva@gmail.com", "verified": true, "primary": true}}, {"model": "account.emailaddress", "pk": 5, "fields": {"user": 6, "email": "su8scriber1@gmail.com", "verified": true, "primary": true}}, {"model": "django_apscheduler.djangojob", "pk": "delete_old_job_executions", "fields": {"next_run_time": "2023-05-29T00:00:00Z", "job_state": "gAWVVQQAAAAAAAB9lCiMB3ZlcnNpb26USwGMAmlklIwZZGVsZXRlX29sZF9qb2JfZXhlY3V0aW9uc5SMBGZ1bmOUjEdOZXdzUG9ydGFsLm1hbmFnZW1lbnQuY29tbWFuZHMucnVuYXBzY2hlZHVsZXI6ZGVsZXRlX29sZF9qb2JfZXhlY3V0aW9uc5SMB3RyaWdnZXKUjBlhcHNjaGVkdWxlci50cmlnZ2Vycy5jcm9ulIwLQ3JvblRyaWdnZXKUk5QpgZR9lChoAUsCjAh0aW1lem9uZZSMCGJ1aWx0aW5zlIwHZ2V0YXR0cpSTlIwIem9uZWluZm+UjAhab25lSW5mb5STlIwJX3VucGlja2xllIaUUpSMA1VUQ5RLAYaUUpSMCnN0YXJ0X2RhdGWUTowIZW5kX2RhdGWUTowGZmllbGRzlF2UKIwgYXBzY2hlZHVsZXIudHJpZ2dlcnMuY3Jvbi5maWVsZHOUjAlCYXNlRmllbGSUk5QpgZR9lCiMBG5hbWWUjAR5ZWFylIwKaXNfZGVmYXVsdJSIjAtleHByZXNzaW9uc5RdlIwlYXBzY2hlZHVsZXIudHJpZ2dlcnMuY3Jvbi5leHByZXNzaW9uc5SMDUFsbEV4cHJlc3Npb26Uk5QpgZR9lIwEc3RlcJROc2JhdWJoHYwKTW9udGhGaWVsZJSTlCmBlH2UKGgijAVtb250aJRoJIhoJV2UaCkpgZR9lGgsTnNiYXViaB2MD0RheU9mTW9udGhGaWVsZJSTlCmBlH2UKGgijANkYXmUaCSIaCVdlGgpKYGUfZRoLE5zYmF1YmgdjAlXZWVrRmllbGSUk5QpgZR9lChoIowEd2Vla5RoJIhoJV2UaCkpgZR9lGgsTnNiYXViaB2MDkRheU9mV2Vla0ZpZWxklJOUKYGUfZQoaCKMC2RheV9vZl93ZWVrlGgkiWglXZRoJ4wWV2Vla2RheVJhbmdlRXhwcmVzc2lvbpSTlCmBlH2UKGgsTowFZmlyc3SUSwCMBGxhc3SUSwB1YmF1YmgfKYGUfZQoaCKMBGhvdXKUaCSJaCVdlGgnjA9SYW5nZUV4cHJlc3Npb26Uk5QpgZR9lChoLE5oT0sAaFBLAHViYXViaB8pgZR9lChoIowGbWludXRllGgkiWglXZRoVimBlH2UKGgsTmhPSwBoUEsAdWJhdWJoHymBlH2UKGgijAZzZWNvbmSUaCSIaCVdlGhWKYGUfZQoaCxOaE9LAGhQSwB1YmF1YmWMBmppdHRlcpROdWKMCGV4ZWN1dG9ylIwHZGVmYXVsdJSMBGFyZ3OUKYwGa3dhcmdzlH2UaCJoA4wSbWlzZmlyZV9ncmFjZV90aW1llEsBjAhjb2FsZXNjZZSIjA1tYXhfaW5zdGFuY2VzlEsBjA1uZXh0X3J1bl90aW1llIwIZGF0ZXRpbWWUjAhkYXRldGltZZSTlEMKB+cFHQAAAAAAAJRoGIaUUpR1Lg=="}}, {"model": "django_apscheduler.djangojob", "pk": "my_job", "fields": {"next_run_time": "2023-05-23T13:40:20Z", "job_state": "gAWV0gMAAAAAAAB9lCiMB3ZlcnNpb26USwGMAmlklIwGbXlfam9ilIwEZnVuY5SMNE5ld3NQb3J0YWwubWFuYWdlbWVudC5jb21tYW5kcy5ydW5hcHNjaGVkdWxlcjpteV9qb2KUjAd0cmlnZ2VylIwZYXBzY2hlZHVsZXIudHJpZ2dlcnMuY3JvbpSMC0Nyb25UcmlnZ2VylJOUKYGUfZQoaAFLAowIdGltZXpvbmWUjAhidWlsdGluc5SMB2dldGF0dHKUk5SMCHpvbmVpbmZvlIwIWm9uZUluZm+Uk5SMCV91bnBpY2tsZZSGlFKUjANVVEOUSwGGlFKUjApzdGFydF9kYXRllE6MCGVuZF9kYXRllE6MBmZpZWxkc5RdlCiMIGFwc2NoZWR1bGVyLnRyaWdnZXJzLmNyb24uZmllbGRzlIwJQmFzZUZpZWxklJOUKYGUfZQojARuYW1llIwEeWVhcpSMCmlzX2RlZmF1bHSUiIwLZXhwcmVzc2lvbnOUXZSMJWFwc2NoZWR1bGVyLnRyaWdnZXJzLmNyb24uZXhwcmVzc2lvbnOUjA1BbGxFeHByZXNzaW9ulJOUKYGUfZSMBHN0ZXCUTnNiYXViaB2MCk1vbnRoRmllbGSUk5QpgZR9lChoIowFbW9udGiUaCSIaCVdlGgpKYGUfZRoLE5zYmF1YmgdjA9EYXlPZk1vbnRoRmllbGSUk5QpgZR9lChoIowDZGF5lGgkiGglXZRoKSmBlH2UaCxOc2JhdWJoHYwJV2Vla0ZpZWxklJOUKYGUfZQoaCKMBHdlZWuUaCSIaCVdlGgpKYGUfZRoLE5zYmF1YmgdjA5EYXlPZldlZWtGaWVsZJSTlCmBlH2UKGgijAtkYXlfb2Zfd2Vla5RoJIhoJV2UaCkpgZR9lGgsTnNiYXViaB8pgZR9lChoIowEaG91cpRoJIhoJV2UaCkpgZR9lGgsTnNiYXViaB8pgZR9lChoIowGbWludXRllGgkiGglXZRoKSmBlH2UaCxOc2JhdWJoHymBlH2UKGgijAZzZWNvbmSUaCSJaCVdlGgpKYGUfZRoLEsKc2JhdWJljAZqaXR0ZXKUTnVijAhleGVjdXRvcpSMB2RlZmF1bHSUjARhcmdzlCmMBmt3YXJnc5R9lGgiaAOMEm1pc2ZpcmVfZ3JhY2VfdGltZZRLAYwIY29hbGVzY2WUiIwNbWF4X2luc3RhbmNlc5RLAYwNbmV4dF9ydW5fdGltZZSMCGRhdGV0aW1llIwIZGF0ZXRpbWWUk5RDCgfnBRcNKBQAAACUaBiGlFKUdS4="}}, {"model": "django_apscheduler.djangojobexecution", "pk": 1, "fields": {"job": "my_job", "status": "Executed", "run_time": "2023-05-22T21:32:10Z", "duration": "0.00", "finished": "1684791130.00", "exception": null, "traceback": null}}, {"model": "django_apscheduler.djangojobexecution", "pk": 2, "fields": {"job": "my_job", "status": "Executed", "run_time": "2023-05-22T21:32:20Z", "duration": "0.03", "finished": "1684791140.03", "exception": null, "traceback": null}}, {"model": "django_apscheduler.djangojobexecution", "pk": 3, "fields": {"job": "my_job", "status": "Executed", "run_time": "2023-05-22T21:32:30Z", "duration": "0.02", "finished": "1684791150.02", "exception": null, "traceback": null}}, {"model": "django_apscheduler.djangojobexecution", "pk": 4, "fields": {"job": "my_job", "status": "Executed", "run_time": "2023-05-22T21:32:40Z", "duration": "0.02", "finished": "1684791160.02", "exception": null, "traceback": null}}, {"model": "django_apscheduler.djangojobexecution", "pk": 5, "fields": {"job": "my_job", "status": "Executed", "run_time": "2023-05-22T21:32:50Z", "duration": "0.02", "finished": "1684791170.02", "exception": null, "traceback": null}}, {"model": "django_apscheduler.djangojobexecution", "pk": 6, "fields": {"job": "my_job", "status": "Executed", "run_time": "2023-05-23T10:52:40Z", "duration": "0.01", "finished": "1684839160.01", "exception": null, "traceback": null}}, {"model": "django_apscheduler.djangojobexecution", "pk": 8, "fields": {"job": "my_job", "status": "Executed", "run_time": "2023-05-23T10:52:50Z", "duration": "0.03", "finished": "1684839170.03", "exception": null, "traceback": null}}, {"model": "django_apscheduler.djangojobexecution", "pk": 12, "fields": {"job": "my_job", "status": "Executed", "run_time": "2023-05-23T10:56:30Z", "duration": "1.48", "finished": "1684839391.48", "exception": null, "traceback": null}}, {"model": "django_apscheduler.djangojobexecution", "pk": 14, "fields": {"job": "my_job", "status": "Executed", "run_time": "2023-05-23T10:56:40Z", "duration": "0.96", "finished": "1684839400.96", "exception": null, "traceback": null}}, {"model": "django_apscheduler.djangojobexecution", "pk": 16, "fields": {"job": "my_job", "status": "Executed", "run_time": "2023-05-23T10:56:50Z", "duration": "1.03", "finished": "1684839411.03", "exception": null, "traceback": null}}, {"model": "django_apscheduler.djangojobexecution", "pk": 18, "fields": {"job": "my_job", "status": "Executed", "run_time": "2023-05-23T10:57:00Z", "duration": "1.06", "finished": "1684839421.06", "exception": null, "traceback": null}}, {"model": "django_apscheduler.djangojobexecution", "pk": 20, "fields": {"job": "my_job", "status": "Executed", "run_time": "2023-05-23T10:57:10Z", "duration": "1.16", "finished": "1684839431.16", "exception": null, "traceback": null}}, {"model": "django_apscheduler.djangojobexecution", "pk": 22, "fields": {"job": "my_job", "status": "Executed", "run_time": "2023-05-23T10:57:20Z", "duration": "0.97", "finished": "1684839440.97", "exception": null, "traceback": null}}, {"model": "django_apscheduler.djangojobexecution", "pk": 24, "fields": {"job": "my_job", "status": "Executed", "run_time": "2023-05-23T10:57:30Z", "duration": "1.03", "finished": "1684839451.03", "exception": null, "traceback": null}}, {"model": "django_apscheduler.djangojobexecution", "pk": 26, "fields": {"job": "my_job", "status": "Executed", "run_time": "2023-05-23T10:57:40Z", "duration": "0.99", "finished": "1684839460.99", "exception": null, "traceback": null}}, {"model": "django_apscheduler.djangojobexecution", "pk": 28, "fields": {"job": "my_job", "status": "Executed", "run_time": "2023-05-23T10:57:50Z", "duration": "0.97", "finished": "1684839470.97", "exception": null, "traceback": null}}, {"model": "django_apscheduler.djangojobexecution", "pk": 30, "fields": {"job": "my_job", "status": "Executed", "run_time": "2023-05-23T10:58:00Z", "duration": "0.98", "finished": "1684839480.98", "exception": null, "traceback": null}}, {"model": "django_apscheduler.djangojobexecution", "pk": 32, "fields": {"job": "my_job", "status": "Executed", "run_time": "2023-05-23T10:58:10Z", "duration": "0.99", "finished": "1684839490.99", "exception": null, "traceback": null}}, {"model": "django_apscheduler.djangojobexecution", "pk": 34, "fields": {"job": "my_job", "status": "Executed", "run_time": "2023-05-23T10:58:20Z", "duration": "0.97", "finished": "1684839500.97", "exception": null, "traceback": null}}, {"model": "django_apscheduler.djangojobexecution", "pk": 36, "fields": {"job": "my_job", "status": "Executed", "run_time": "2023-05-23T10:58:30Z", "duration": "0.94", "finished": "1684839510.94", "exception": null, "traceback": null}}, {"model": "django_apscheduler.djangojobexecution", "pk": 38, "fields": {"job": "my_job", "status": "Executed", "run_time": "2023-05-23T10:58:40Z", "duration": "0.98", "finished": "1684839520.98", "exception": null, "traceback": null}}, {"model": "django_apscheduler.djangojobexecution", "pk": 40, "fields": {"job": "my_job", "status": "Executed", "run_time": "2023-05-23T10:58:50Z", "duration": "0.99", "finished": "1684839530.99", "exception": null, "traceback": null}}, {"model": "django_apscheduler.djangojobexecution", "pk": 42, "fields": {"job": "my_job", "status": "Executed", "run_time": "2023-05-23T10:59:00Z", "duration": "0.97", "finished": "1684839540.97", "exception": null, "traceback": null}}, {"model": "django_apscheduler.djangojobexecution", "pk": 44, "fields": {"job": "my_job", "status": "Executed", "run_time": "2023-05-23T10:59:10Z", "duration": "1.05", "finished": "1684839551.05", "exception": null, "traceback": null}}, {"model": "django_apscheduler.djangojobexecution", "pk": 46, "fields": {"job": "my_job", "status": "Executed", "run_time": "2023-05-23T10:59:20Z", "duration": "1.26", "finished": "1684839561.26", "exception": null, "traceback": null}}, {"model": "django_apscheduler.djangojobexecution", "pk": 48, "fields": {"job": "my_job", "status": "Executed", "run_time": "2023-05-23T10:59:30Z", "duration": "1.02", "finished": "1684839571.02", "exception": null, "traceback": null}}, {"model": "django_apscheduler.djangojobexecution", "pk": 50, "fields": {"job": "my_job", "status": "Executed", "run_time": "2023-05-23T10:59:40Z", "duration": "0.99", "finished": "1684839580.99", "exception": null, "traceback": null}}, {"model": "django_apscheduler.djangojobexecution", "pk": 52, "fields": {"job": "my_job", "status": "Executed", "run_time": "2023-05-23T10:59:50Z", "duration": "0.96", "finished": "1684839590.96", "exception": null, "traceback": null}}, {"model": "django_apscheduler.djangojobexecution", "pk": 54, "fields": {"job": "my_job", "status": "Executed", "run_time": "2023-05-23T11:00:00Z", "duration": "1.06", "finished": "1684839601.06", "exception": null, "traceback": null}}, {"model": "django_apscheduler.djangojobexecution", "pk": 55, "fields": {"job": "my_job", "status": "Executed", "run_time": "2023-05-23T11:00:30Z", "duration": "1.07", "finished": "1684839631.07", "exception": null, "traceback": null}}, {"model": "django_apscheduler.djangojobexecution", "pk": 56, "fields": {"job": "my_job", "status": "Executed", "run_time": "2023-05-23T11:00:40Z", "duration": "1.01", "finished": "1684839641.01", "exception": null, "traceback": null}}, {"model": "django_apscheduler.djangojobexecution", "pk": 57, "fields": {"job": "my_job", "status": "Executed", "run_time": "2023-05-23T11:00:50Z", "duration": "0.95", "finished": "1684839650.95", "exception": null, "traceback": null}}, {"model": "django_apscheduler.djangojobexecution", "pk": 58, "fields": {"job": "my_job", "status": "Executed", "run_time": "2023-05-23T11:01:00Z", "duration": "0.99", "finished": "1684839660.99", "exception": null, "traceback": null}}, {"model": "django_apscheduler.djangojobexecution", "pk": 59, "fields": {"job": "my_job", "status": "Executed", "run_time": "2023-05-23T11:01:10Z", "duration": "0.97", "finished": "1684839670.97", "exception": null, "traceback": null}}, {"model": "django_apscheduler.djangojobexecution", "pk": 60, "fields": {"job": "my_job", "status": "Executed", "run_time": "2023-05-23T11:01:20Z", "duration": "1.00", "finished": "1684839681.00", "exception": null, "traceback": null}}, {"model": "django_apscheduler.djangojobexecution", "pk": 61, "fields": {"job": "my_job", "status": "Executed", "run_time": "2023-05-23T11:01:30Z", "duration": "1.14", "finished": "1684839691.14", "exception": null, "traceback": null}}, {"model": "django_apscheduler.djangojobexecution", "pk": 62, "fields": {"job": "my_job", "status": "Executed", "run_time": "2023-05-23T11:01:40Z", "duration": "1.04", "finished": "1684839701.04", "exception": null, "traceback": null}}, {"model": "django_apscheduler.djangojobexecution", "pk": 63, "fields": {"job": "my_job", "status": "Executed", "run_time": "2023-05-23T11:02:00Z", "duration": "1.31", "finished": "1684839721.31", "exception": null, "traceback": null}}, {"model": "django_apscheduler.djangojobexecution", "pk": 64, "fields": {"job": "my_job", "status": "Executed", "run_time": "2023-05-23T11:02:10Z", "duration": "0.98", "finished": "1684839730.98", "exception": null, "traceback": null}}, {"model": "django_apscheduler.djangojobexecution", "pk": 65, "fields": {"job": "my_job", "status": "Executed", "run_time": "2023-05-23T11:02:20Z", "duration": "1.01", "finished": "1684839741.01", "exception": null, "traceback": null}}, {"model": "django_apscheduler.djangojobexecution", "pk": 66, "fields": {"job": "my_job", "status": "Executed", "run_time": "2023-05-23T11:02:30Z", "duration": "0.99", "finished": "1684839750.99", "exception": null, "traceback": null}}, {"model": "django_apscheduler.djangojobexecution", "pk": 67, "fields": {"job": "my_job", "status": "Executed", "run_time": "2023-05-23T11:02:40Z", "duration": "1.03", "finished": "1684839761.03", "exception": null, "traceback": null}}, {"model": "django_apscheduler.djangojobexecution", "pk": 68, "fields": {"job": "my_job", "status": "Executed", "run_time": "2023-05-23T11:04:10Z", "duration": "1.35", "finished": "1684839851.35", "exception": null, "traceback": null}}, {"model": "django_apscheduler.djangojobexecution", "pk": 69, "fields": {"job": "my_job", "status": "Max instances!", "run_time": "2023-05-23T11:04:11Z", "duration": "0.02", "finished": "1684839851.02", "exception": "Execution of job 'my_job' skipped: maximum number of running instances reached!", "traceback": null}}, {"model": "django_apscheduler.djangojobexecution", "pk": 70, "fields": {"job": "my_job", "status": "Executed", "run_time": "2023-05-23T11:04:12Z", "duration": "0.95", "finished": "1684839852.95", "exception": null, "traceback": null}}, {"model": "django_apscheduler.djangojobexecution", "pk": 71, "fields": {"job": "my_job", "status": "Executed", "run_time": "2023-05-23T11:04:13Z", "duration": "1.03", "finished": "1684839854.03", "exception": null, "traceback": null}}, {"model": "django_apscheduler.djangojobexecution", "pk": 72, "fields": {"job": "my_job", "status": "Max instances!", "run_time": "2023-05-23T11:04:14Z", "duration": "0.02", "finished": "1684839854.02", "exception": "Execution of job 'my_job' skipped: maximum number of running instances reached!", "traceback": null}}, {"model": "django_apscheduler.djangojobexecution", "pk": 73, "fields": {"job": "my_job", "status": "Executed", "run_time": "2023-05-23T11:04:15Z", "duration": "1.00", "finished": "1684839856.00", "exception": null, "traceback": null}}, {"model": "django_apscheduler.djangojobexecution", "pk": 74, "fields": {"job": "my_job", "status": "Executed", "run_time": "2023-05-23T11:04:16Z", "duration": "1.01", "finished": "1684839857.01", "exception": null, "traceback": null}}, {"model": "django_apscheduler.djangojobexecution", "pk": 75, "fields": {"job": "my_job", "status": "Executed", "run_time": "2023-05-23T11:04:17Z", "duration": "0.95", "finished": "1684839857.95", "exception": null, "traceback": null}}, {"model": "django_apscheduler.djangojobexecution", "pk": 76, "fields": {"job": "my_job", "status": "Executed", "run_time": "2023-05-23T11:04:18Z", "duration": "0.98", "finished": "1684839858.98", "exception": null, "traceback": null}}, {"model": "django_apscheduler.djangojobexecution", "pk": 77, "fields": {"job": "my_job", "status": "Executed", "run_time": "2023-05-23T11:04:19Z", "duration": "1.08", "finished": "1684839860.08", "exception": null, "traceback": null}}, {"model": "django_apscheduler.djangojobexecution", "pk": 78, "fields": {"job": "my_job", "status": "Max instances!", "run_time": "2023-05-23T11:04:20Z", "duration": "0.02", "finished": "1684839860.02", "exception": "Execution of job 'my_job' skipped: maximum number of running instances reached!", "traceback": null}}, {"model": "django_apscheduler.djangojobexecution", "pk": 79, "fields": {"job": "my_job", "status": "Executed", "run_time": "2023-05-23T11:04:21Z", "duration": "0.97", "finished": "1684839861.97", "exception": null, "traceback": null}}, {"model": "django_apscheduler.djangojobexecution", "pk": 80, "fields": {"job": "my_job", "status": "Executed", "run_time": "2023-05-23T11:04:22Z", "duration": "0.97", "finished": "1684839862.97", "exception": null, "traceback": null}}, {"model": "django_apscheduler.djangojobexecution", "pk": 81, "fields": {"job": "my_job", "status": "Executed", "run_time": "2023-05-23T11:04:23Z", "duration": "0.97", "finished": "1684839863.97", "exception": null, "traceback": null}}, {"model": "django_apscheduler.djangojobexecution", "pk": 82, "fields": {"job": "my_job", "status": "Executed", "run_time": "2023-05-23T11:04:24Z", "duration": "0.96", "finished": "1684839864.96", "exception": null, "traceback": null}}, {"model": "django_apscheduler.djangojobexecution", "pk": 83, "fields": {"job": "my_job", "status": "Executed", "run_time": "2023-05-23T11:04:25Z", "duration": "0.95", "finished": "1684839865.95", "exception": null, "traceback": null}}, {"model": "django_apscheduler.djangojobexecution", "pk": 84, "fields": {"job": "my_job", "status": "Executed", "run_time": "2023-05-23T11:04:26Z", "duration": "1.00", "finished": "1684839867.00", "exception": null, "traceback": null}}, {"model": "django_apscheduler.djangojobexecution", "pk": 85, "fields": {"job": "my_job", "status": "Executed", "run_time": "2023-05-23T11:04:27Z", "duration": "1.10", "finished": "1684839868.10", "exception": null, "traceback": null}}, {"model": "django_apscheduler.djangojobexecution", "pk": 86, "fields": {"job": "my_job", "status": "Max instances!", "run_time": "2023-05-23T11:04:28Z", "duration": "0.02", "finished": "1684839868.02", "exception": "Execution of job 'my_job' skipped: maximum number of running instances reached!", "traceback": null}}, {"model": "django_apscheduler.djangojobexecution", "pk": 87, "fields": {"job": "my_job", "status": "Executed", "run_time": "2023-05-23T11:04:29Z", "duration": "0.98", "finished": "1684839869.98", "exception": null, "traceback": null}}, {"model": "django_apscheduler.djangojobexecution", "pk": 88, "fields": {"job": "my_job", "status": "Executed", "run_time": "2023-05-23T11:04:30Z", "duration": "0.98", "finished": "1684839870.98", "exception": null, "traceback": null}}, {"model": "django_apscheduler.djangojobexecution", "pk": 89, "fields": {"job": "my_job", "status": "Executed", "run_time": "2023-05-23T11:04:31Z", "duration": "1.17", "finished": "1684839872.17", "exception": null, "traceback": null}}, {"model": "django_apscheduler.djangojobexecution", "pk": 90, "fields": {"job": "my_job", "status": "Max instances!", "run_time": "2023-05-23T11:04:32Z", "duration": "0.01", "finished": "1684839872.01", "exception": "Execution of job 'my_job' skipped: maximum number of running instances reached!", "traceback": null}}, {"model": "django_apscheduler.djangojobexecution", "pk": 91, "fields": {"job": "my_job", "status": "Executed", "run_time": "2023-05-23T11:04:33Z", "duration": "1.02", "finished": "1684839874.02", "exception": null, "traceback": null}}, {"model": "django_apscheduler.djangojobexecution", "pk": 92, "fields": {"job": "my_job", "status": "Executed", "run_time": "2023-05-23T11:04:34Z", "duration": "1.01", "finished": "1684839875.01", "exception": null, "traceback": null}}, {"model": "django_apscheduler.djangojobexecution", "pk": 93, "fields": {"job": "my_job", "status": "Executed", "run_time": "2023-05-23T11:04:35Z", "duration": "1.02", "finished": "1684839876.02", "exception": null, "traceback": null}}, {"model": "django_apscheduler.djangojobexecution", "pk": 94, "fields": {"job": "my_job", "status": "Max instances!", "run_time": "2023-05-23T11:04:36Z", "duration": "0.02", "finished": "1684839876.02", "exception": "Execution of job 'my_job' skipped: maximum number of running instances reached!", "traceback": null}}, {"model": "django_apscheduler.djangojobexecution", "pk": 95, "fields": {"job": "my_job", "status": "Executed", "run_time": "2023-05-23T11:04:40Z", "duration": "0.97", "finished": "1684839880.97", "exception": null, "traceback": null}}, {"model": "django_apscheduler.djangojobexecution", "pk": 96, "fields": {"job": "my_job", "status": "Executed", "run_time": "2023-05-23T11:04:50Z", "duration": "1.00", "finished": "1684839891.00", "exception": null, "traceback": null}}, {"model": "django_apscheduler.djangojobexecution", "pk": 97, "fields": {"job": "my_job", "status": "Executed", "run_time": "2023-05-23T11:05:00Z", "duration": "1.03", "finished": "1684839901.03", "exception": null, "traceback": null}}, {"model": "django_apscheduler.djangojobexecution", "pk": 98, "fields": {"job": "my_job", "status": "Executed", "run_time": "2023-05-23T11:05:10Z", "duration": "1.07", "finished": "1684839911.07", "exception": null, "traceback": null}}, {"model": "django_apscheduler.djangojobexecution", "pk": 99, "fields": {"job": "my_job", "status": "Error!", "run_time": "2023-05-23T11:09:30Z", "duration": "0.02", "finished": "1684840170.02", "exception": "'QuerySet' object has no attribute 'category'", "traceback": "  File \"/Users/anastasiiakarapetian/PycharmProjects/onemoretry/venv/lib/python3.11/site-packages/apscheduler/executors/base.py\", line 125, in run_job\n    retval = job.func(*job.args, **job.kwargs)\n             ^^^^^^^^^^^^^^^^^^^^^^^^^^^^^^^^^\n  File \"/Users/anastasiiakarapetian/PycharmProjects/onemoretry/project/NewsPortal/management/commands/runapscheduler.py\", line 22, in my_job\n    categories = posts.category.all()\n                 ^^^^^^^^^^^^^^\n"}}, {"model": "django_apscheduler.djangojobexecution", "pk": 100, "fields": {"job": "my_job", "status": "Error!", "run_time": "2023-05-23T11:09:40Z", "duration": "0.02", "finished": "1684840180.02", "exception": "'QuerySet' object has no attribute 'category'", "traceback": "  File \"/Users/anastasiiakarapetian/PycharmProjects/onemoretry/venv/lib/python3.11/site-packages/apscheduler/executors/base.py\", line 125, in run_job\n    retval = job.func(*job.args, **job.kwargs)\n             ^^^^^^^^^^^^^^^^^^^^^^^^^^^^^^^^^\n  File \"/Users/anastasiiakarapetian/PycharmProjects/onemoretry/project/NewsPortal/management/commands/runapscheduler.py\", line 22, in my_job\n    categories = posts.category.all()\n                 ^^^^^^^^^^^^^^\n"}}, {"model": "django_apscheduler.djangojobexecution", "pk": 101, "fields": {"job": "my_job", "status": "Error!", "run_time": "2023-05-23T11:09:50Z", "duration": "0.02", "finished": "1684840190.02", "exception": "'QuerySet' object has no attribute 'category'", "traceback": "  File \"/Users/anastasiiakarapetian/PycharmProjects/onemoretry/venv/lib/python3.11/site-packages/apscheduler/executors/base.py\", line 125, in run_job\n    retval = job.func(*job.args, **job.kwargs)\n             ^^^^^^^^^^^^^^^^^^^^^^^^^^^^^^^^^\n  File \"/Users/anastasiiakarapetian/PycharmProjects/onemoretry/project/NewsPortal/management/commands/runapscheduler.py\", line 22, in my_job\n    categories = posts.category.all()\n                 ^^^^^^^^^^^^^^\n"}}, {"model": "django_apscheduler.djangojobexecution", "pk": 102, "fields": {"job": "my_job", "status": "Error!", "run_time": "2023-05-23T11:10:00Z", "duration": "0.02", "finished": "1684840200.02", "exception": "'QuerySet' object has no attribute 'category'", "traceback": "  File \"/Users/anastasiiakarapetian/PycharmProjects/onemoretry/venv/lib/python3.11/site-packages/apscheduler/executors/base.py\", line 125, in run_job\n    retval = job.func(*job.args, **job.kwargs)\n             ^^^^^^^^^^^^^^^^^^^^^^^^^^^^^^^^^\n  File \"/Users/anastasiiakarapetian/PycharmProjects/onemoretry/project/NewsPortal/management/commands/runapscheduler.py\", line 22, in my_job\n    categories = posts.category.all()\n                 ^^^^^^^^^^^^^^\n"}}, {"model": "django_apscheduler.djangojobexecution", "pk": 103, "fields": {"job": "my_job", "status": "Error!", "run_time": "2023-05-23T11:10:10Z", "duration": "0.02", "finished": "1684840210.02", "exception": "'QuerySet' object has no attribute 'category'", "traceback": "  File \"/Users/anastasiiakarapetian/PycharmProjects/onemoretry/venv/lib/python3.11/site-packages/apscheduler/executors/base.py\", line 125, in run_job\n    retval = job.func(*job.args, **job.kwargs)\n             ^^^^^^^^^^^^^^^^^^^^^^^^^^^^^^^^^\n  File \"/Users/anastasiiakarapetian/PycharmProjects/onemoretry/project/NewsPortal/management/commands/runapscheduler.py\", line 22, in my_job\n    categories = posts.category.all()\n                 ^^^^^^^^^^^^^^\n"}}, {"model": "django_apscheduler.djangojobexecution", "pk": 104, "fields": {"job": "my_job", "status": "Error!", "run_time": "2023-05-23T11:10:20Z", "duration": "0.02", "finished": "1684840220.02", "exception": "'QuerySet' object has no attribute 'category'", "traceback": "  File \"/Users/anastasiiakarapetian/PycharmProjects/onemoretry/venv/lib/python3.11/site-packages/apscheduler/executors/base.py\", line 125, in run_job\n    retval = job.func(*job.args, **job.kwargs)\n             ^^^^^^^^^^^^^^^^^^^^^^^^^^^^^^^^^\n  File \"/Users/anastasiiakarapetian/PycharmProjects/onemoretry/project/NewsPortal/management/commands/runapscheduler.py\", line 22, in my_job\n    categories = posts.category.all()\n                 ^^^^^^^^^^^^^^\n"}}, {"model": "django_apscheduler.djangojobexecution", "pk": 105, "fields": {"job": "my_job", "status": "Error!", "run_time": "2023-05-23T11:10:30Z", "duration": "0.02", "finished": "1684840230.02", "exception": "'QuerySet' object has no attribute 'category'", "traceback": "  File \"/Users/anastasiiakarapetian/PycharmProjects/onemoretry/venv/lib/python3.11/site-packages/apscheduler/executors/base.py\", line 125, in run_job\n    retval = job.func(*job.args, **job.kwargs)\n             ^^^^^^^^^^^^^^^^^^^^^^^^^^^^^^^^^\n  File \"/Users/anastasiiakarapetian/PycharmProjects/onemoretry/project/NewsPortal/management/commands/runapscheduler.py\", line 22, in my_job\n    categories = posts.category.all()\n                 ^^^^^^^^^^^^^^\n"}}, {"model": "django_apscheduler.djangojobexecution", "pk": 106, "fields": {"job": "my_job", "status": "Error!", "run_time": "2023-05-23T11:10:40Z", "duration": "0.02", "finished": "1684840240.02", "exception": "'QuerySet' object has no attribute 'category'", "traceback": "  File \"/Users/anastasiiakarapetian/PycharmProjects/onemoretry/venv/lib/python3.11/site-packages/apscheduler/executors/base.py\", line 125, in run_job\n    retval = job.func(*job.args, **job.kwargs)\n             ^^^^^^^^^^^^^^^^^^^^^^^^^^^^^^^^^\n  File \"/Users/anastasiiakarapetian/PycharmProjects/onemoretry/project/NewsPortal/management/commands/runapscheduler.py\", line 22, in my_job\n    categories = posts.category.all()\n                 ^^^^^^^^^^^^^^\n"}}, {"model": "django_apscheduler.djangojobexecution", "pk": 107, "fields": {"job": "my_job", "status": "Error!", "run_time": "2023-05-23T11:10:50Z", "duration": "0.02", "finished": "1684840250.02", "exception": "'QuerySet' object has no attribute 'category'", "traceback": "  File \"/Users/anastasiiakarapetian/PycharmProjects/onemoretry/venv/lib/python3.11/site-packages/apscheduler/executors/base.py\", line 125, in run_job\n    retval = job.func(*job.args, **job.kwargs)\n             ^^^^^^^^^^^^^^^^^^^^^^^^^^^^^^^^^\n  File \"/Users/anastasiiakarapetian/PycharmProjects/onemoretry/project/NewsPortal/management/commands/runapscheduler.py\", line 22, in my_job\n    categories = posts.category.all()\n                 ^^^^^^^^^^^^^^\n"}}, {"model": "django_apscheduler.djangojobexecution", "pk": 108, "fields": {"job": "my_job", "status": "Error!", "run_time": "2023-05-23T11:11:00Z", "duration": "0.02", "finished": "1684840260.02", "exception": "'QuerySet' object has no attribute 'category'", "traceback": "  File \"/Users/anastasiiakarapetian/PycharmProjects/onemoretry/venv/lib/python3.11/site-packages/apscheduler/executors/base.py\", line 125, in run_job\n    retval = job.func(*job.args, **job.kwargs)\n             ^^^^^^^^^^^^^^^^^^^^^^^^^^^^^^^^^\n  File \"/Users/anastasiiakarapetian/PycharmProjects/onemoretry/project/NewsPortal/management/commands/runapscheduler.py\", line 22, in my_job\n    categories = posts.category.all()\n                 ^^^^^^^^^^^^^^\n"}}, {"model": "django_apscheduler.djangojobexecution", "pk": 109, "fields": {"job": "my_job", "status": "Error!", "run_time": "2023-05-23T11:11:10Z", "duration": "0.04", "finished": "1684840270.04", "exception": "'QuerySet' object has no attribute 'category'", "traceback": "  File \"/Users/anastasiiakarapetian/PycharmProjects/onemoretry/venv/lib/python3.11/site-packages/apscheduler/executors/base.py\", line 125, in run_job\n    retval = job.func(*job.args, **job.kwargs)\n             ^^^^^^^^^^^^^^^^^^^^^^^^^^^^^^^^^\n  File \"/Users/anastasiiakarapetian/PycharmProjects/onemoretry/project/NewsPortal/management/commands/runapscheduler.py\", line 22, in my_job\n    categories = posts.category.all()\n                 ^^^^^^^^^^^^^^\n"}}, {"model": "django_apscheduler.djangojobexecution", "pk": 110, "fields": {"job": "my_job", "status": "Error!", "run_time": "2023-05-23T11:11:20Z", "duration": "0.04", "finished": "1684840280.04", "exception": "'QuerySet' object has no attribute 'category'", "traceback": "  File \"/Users/anastasiiakarapetian/PycharmProjects/onemoretry/venv/lib/python3.11/site-packages/apscheduler/executors/base.py\", line 125, in run_job\n    retval = job.func(*job.args, **job.kwargs)\n             ^^^^^^^^^^^^^^^^^^^^^^^^^^^^^^^^^\n  File \"/Users/anastasiiakarapetian/PycharmProjects/onemoretry/project/NewsPortal/management/commands/runapscheduler.py\", line 22, in my_job\n    categories = posts.category.all()\n                 ^^^^^^^^^^^^^^\n"}}, {"model": "django_apscheduler.djangojobexecution", "pk": 111, "fields": {"job": "my_job", "status": "Error!", "run_time": "2023-05-23T11:11:30Z", "duration": "0.02", "finished": "1684840290.02", "exception": "'QuerySet' object has no attribute 'category'", "traceback": "  File \"/Users/anastasiiakarapetian/PycharmProjects/onemoretry/venv/lib/python3.11/site-packages/apscheduler/executors/base.py\", line 125, in run_job\n    retval = job.func(*job.args, **job.kwargs)\n             ^^^^^^^^^^^^^^^^^^^^^^^^^^^^^^^^^\n  File \"/Users/anastasiiakarapetian/PycharmProjects/onemoretry/project/NewsPortal/management/commands/runapscheduler.py\", line 22, in my_job\n    categories = posts.category.all()\n                 ^^^^^^^^^^^^^^\n"}}, {"model": "django_apscheduler.djangojobexecution", "pk": 112, "fields": {"job": "my_job", "status": "Error!", "run_time": "2023-05-23T11:11:40Z", "duration": "0.02", "finished": "1684840300.02", "exception": "'QuerySet' object has no attribute 'category'", "traceback": "  File \"/Users/anastasiiakarapetian/PycharmProjects/onemoretry/venv/lib/python3.11/site-packages/apscheduler/executors/base.py\", line 125, in run_job\n    retval = job.func(*job.args, **job.kwargs)\n             ^^^^^^^^^^^^^^^^^^^^^^^^^^^^^^^^^\n  File \"/Users/anastasiiakarapetian/PycharmProjects/onemoretry/project/NewsPortal/management/commands/runapscheduler.py\", line 22, in my_job\n    categories = posts.category.all()\n                 ^^^^^^^^^^^^^^\n"}}, {"model": "django_apscheduler.djangojobexecution", "pk": 113, "fields": {"job": "my_job", "status": "Error!", "run_time": "2023-05-23T11:11:50Z", "duration": "0.02", "finished": "1684840310.02", "exception": "'QuerySet' object has no attribute 'category'", "traceback": "  File \"/Users/anastasiiakarapetian/PycharmProjects/onemoretry/venv/lib/python3.11/site-packages/apscheduler/executors/base.py\", line 125, in run_job\n    retval = job.func(*job.args, **job.kwargs)\n             ^^^^^^^^^^^^^^^^^^^^^^^^^^^^^^^^^\n  File \"/Users/anastasiiakarapetian/PycharmProjects/onemoretry/project/NewsPortal/management/commands/runapscheduler.py\", line 22, in my_job\n    categories = posts.category.all()\n                 ^^^^^^^^^^^^^^\n"}}, {"model": "django_apscheduler.djangojobexecution", "pk": 114, "fields": {"job": "my_job", "status": "Error!", "run_time": "2023-05-23T11:12:00Z", "duration": "0.02", "finished": "1684840320.02", "exception": "'QuerySet' object has no attribute 'category'", "traceback": "  File \"/Users/anastasiiakarapetian/PycharmProjects/onemoretry/venv/lib/python3.11/site-packages/apscheduler/executors/base.py\", line 125, in run_job\n    retval = job.func(*job.args, **job.kwargs)\n             ^^^^^^^^^^^^^^^^^^^^^^^^^^^^^^^^^\n  File \"/Users/anastasiiakarapetian/PycharmProjects/onemoretry/project/NewsPortal/management/commands/runapscheduler.py\", line 22, in my_job\n    categories = posts.category.all()\n                 ^^^^^^^^^^^^^^\n"}}, {"model": "django_apscheduler.djangojobexecution", "pk": 115, "fields": {"job": "my_job", "status": "Error!", "run_time": "2023-05-23T13:31:50Z", "duration": "0.02", "finished": "1684848710.02", "exception": "Cannot resolve keyword 'date_post' into field. Choices are: author, author_id, category, comment, id, postcategory, rating, text, time_in, title, type", "traceback": "  File \"/Users/anastasiiakarapetian/PycharmProjects/onemoretry/venv/lib/python3.11/site-packages/apscheduler/executors/base.py\", line 125, in run_job\n    retval = job.func(*job.args, **job.kwargs)\n             ^^^^^^^^^^^^^^^^^^^^^^^^^^^^^^^^^\n  File \"/Users/anastasiiakarapetian/PycharmProjects/onemoretry/project/NewsPortal/management/commands/runapscheduler.py\", line 22, in my_job\n    posts = Post.objects.filter(date_post__gte=day_week_ago)\n            ^^^^^^^^^^^^^^^^^^^^^^^^^^^^^^^^^^^^^^^^^^^^^^^^\n  File \"/Users/anastasiiakarapetian/PycharmProjects/onemoretry/venv/lib/python3.11/site-packages/django/db/models/manager.py\", line 87, in manager_method\n    return getattr(self.get_queryset(), name)(*args, **kwargs)\n           ^^^^^^^^^^^^^^^^^^^^^^^^^^^^^^^^^^^^^^^^^^^^^^^^^^^\n  File \"/Users/anastasiiakarapetian/PycharmProjects/onemoretry/venv/lib/python3.11/site-packages/django/db/models/query.py\", line 1436, in filter\n    return self._filter_or_exclude(False, args, kwargs)\n           ^^^^^^^^^^^^^^^^^^^^^^^^^^^^^^^^^^^^^^^^^^^^\n  File \"/Users/anastasiiakarapetian/PycharmProjects/onemoretry/venv/lib/python3.11/site-packages/django/db/models/query.py\", line 1454, in _filter_or_exclude\n    clone._filter_or_exclude_inplace(negate, args, kwargs)\n  File \"/Users/anastasiiakarapetian/PycharmProjects/onemoretry/venv/lib/python3.11/site-packages/django/db/models/query.py\", line 1461, in _filter_or_exclude_inplace\n    self._query.add_q(Q(*args, **kwargs))\n  File \"/Users/anastasiiakarapetian/PycharmProjects/onemoretry/venv/lib/python3.11/site-packages/django/db/models/sql/query.py\", line 1498, in add_q\n    clause, _ = self._add_q(q_object, self.used_aliases)\n                ^^^^^^^^^^^^^^^^^^^^^^^^^^^^^^^^^^^^^^^^\n  File \"/Users/anastasiiakarapetian/PycharmProjects/onemoretry/venv/lib/python3.11/site-packages/django/db/models/sql/query.py\", line 1529, in _add_q\n    child_clause, needed_inner = self.build_filter(\n                                 ^^^^^^^^^^^^^^^^^^\n  File \"/Users/anastasiiakarapetian/PycharmProjects/onemoretry/venv/lib/python3.11/site-packages/django/db/models/sql/query.py\", line 1379, in build_filter\n    lookups, parts, reffed_expression = self.solve_lookup_type(arg, summarize)\n                                        ^^^^^^^^^^^^^^^^^^^^^^^^^^^^^^^^^^^^^^\n  File \"/Users/anastasiiakarapetian/PycharmProjects/onemoretry/venv/lib/python3.11/site-packages/django/db/models/sql/query.py\", line 1189, in solve_lookup_type\n    _, field, _, lookup_parts = self.names_to_path(lookup_splitted, self.get_meta())\n                                ^^^^^^^^^^^^^^^^^^^^^^^^^^^^^^^^^^^^^^^^^^^^^^^^^^^^\n  File \"/Users/anastasiiakarapetian/PycharmProjects/onemoretry/venv/lib/python3.11/site-packages/django/db/models/sql/query.py\", line 1677, in names_to_path\n    raise FieldError(\n"}}, {"model": "django_apscheduler.djangojobexecution", "pk": 116, "fields": {"job": "my_job", "status": "Error!", "run_time": "2023-05-23T13:32:00Z", "duration": "0.04", "finished": "1684848720.04", "exception": "Cannot resolve keyword 'date_post' into field. Choices are: author, author_id, category, comment, id, postcategory, rating, text, time_in, title, type", "traceback": "  File \"/Users/anastasiiakarapetian/PycharmProjects/onemoretry/venv/lib/python3.11/site-packages/apscheduler/executors/base.py\", line 125, in run_job\n    retval = job.func(*job.args, **job.kwargs)\n             ^^^^^^^^^^^^^^^^^^^^^^^^^^^^^^^^^\n  File \"/Users/anastasiiakarapetian/PycharmProjects/onemoretry/project/NewsPortal/management/commands/runapscheduler.py\", line 22, in my_job\n    posts = Post.objects.filter(date_post__gte=day_week_ago)\n            ^^^^^^^^^^^^^^^^^^^^^^^^^^^^^^^^^^^^^^^^^^^^^^^^\n  File \"/Users/anastasiiakarapetian/PycharmProjects/onemoretry/venv/lib/python3.11/site-packages/django/db/models/manager.py\", line 87, in manager_method\n    return getattr(self.get_queryset(), name)(*args, **kwargs)\n           ^^^^^^^^^^^^^^^^^^^^^^^^^^^^^^^^^^^^^^^^^^^^^^^^^^^\n  File \"/Users/anastasiiakarapetian/PycharmProjects/onemoretry/venv/lib/python3.11/site-packages/django/db/models/query.py\", line 1436, in filter\n    return self._filter_or_exclude(False, args, kwargs)\n           ^^^^^^^^^^^^^^^^^^^^^^^^^^^^^^^^^^^^^^^^^^^^\n  File \"/Users/anastasiiakarapetian/PycharmProjects/onemoretry/venv/lib/python3.11/site-packages/django/db/models/query.py\", line 1454, in _filter_or_exclude\n    clone._filter_or_exclude_inplace(negate, args, kwargs)\n  File \"/Users/anastasiiakarapetian/PycharmProjects/onemoretry/venv/lib/python3.11/site-packages/django/db/models/query.py\", line 1461, in _filter_or_exclude_inplace\n    self._query.add_q(Q(*args, **kwargs))\n  File \"/Users/anastasiiakarapetian/PycharmProjects/onemoretry/venv/lib/python3.11/site-packages/django/db/models/sql/query.py\", line 1498, in add_q\n    clause, _ = self._add_q(q_object, self.used_aliases)\n                ^^^^^^^^^^^^^^^^^^^^^^^^^^^^^^^^^^^^^^^^\n  File \"/Users/anastasiiakarapetian/PycharmProjects/onemoretry/venv/lib/python3.11/site-packages/django/db/models/sql/query.py\", line 1529, in _add_q\n    child_clause, needed_inner = self.build_filter(\n                                 ^^^^^^^^^^^^^^^^^^\n  File \"/Users/anastasiiakarapetian/PycharmProjects/onemoretry/venv/lib/python3.11/site-packages/django/db/models/sql/query.py\", line 1379, in build_filter\n    lookups, parts, reffed_expression = self.solve_lookup_type(arg, summarize)\n                                        ^^^^^^^^^^^^^^^^^^^^^^^^^^^^^^^^^^^^^^\n  File \"/Users/anastasiiakarapetian/PycharmProjects/onemoretry/venv/lib/python3.11/site-packages/django/db/models/sql/query.py\", line 1189, in solve_lookup_type\n    _, field, _, lookup_parts = self.names_to_path(lookup_splitted, self.get_meta())\n                                ^^^^^^^^^^^^^^^^^^^^^^^^^^^^^^^^^^^^^^^^^^^^^^^^^^^^\n  File \"/Users/anastasiiakarapetian/PycharmProjects/onemoretry/venv/lib/python3.11/site-packages/django/db/models/sql/query.py\", line 1677, in names_to_path\n    raise FieldError(\n"}}, {"model": "django_apscheduler.djangojobexecution", "pk": 117, "fields": {"job": "my_job", "status": "Error!", "run_time": "2023-05-23T13:32:10Z", "duration": "0.03", "finished": "1684848730.03", "exception": "Cannot resolve keyword 'date_post' into field. Choices are: author, author_id, category, comment, id, postcategory, rating, text, time_in, title, type", "traceback": "  File \"/Users/anastasiiakarapetian/PycharmProjects/onemoretry/venv/lib/python3.11/site-packages/apscheduler/executors/base.py\", line 125, in run_job\n    retval = job.func(*job.args, **job.kwargs)\n             ^^^^^^^^^^^^^^^^^^^^^^^^^^^^^^^^^\n  File \"/Users/anastasiiakarapetian/PycharmProjects/onemoretry/project/NewsPortal/management/commands/runapscheduler.py\", line 22, in my_job\n    posts = Post.objects.filter(date_post__gte=day_week_ago)\n            ^^^^^^^^^^^^^^^^^^^^^^^^^^^^^^^^^^^^^^^^^^^^^^^^\n  File \"/Users/anastasiiakarapetian/PycharmProjects/onemoretry/venv/lib/python3.11/site-packages/django/db/models/manager.py\", line 87, in manager_method\n    return getattr(self.get_queryset(), name)(*args, **kwargs)\n           ^^^^^^^^^^^^^^^^^^^^^^^^^^^^^^^^^^^^^^^^^^^^^^^^^^^\n  File \"/Users/anastasiiakarapetian/PycharmProjects/onemoretry/venv/lib/python3.11/site-packages/django/db/models/query.py\", line 1436, in filter\n    return self._filter_or_exclude(False, args, kwargs)\n           ^^^^^^^^^^^^^^^^^^^^^^^^^^^^^^^^^^^^^^^^^^^^\n  File \"/Users/anastasiiakarapetian/PycharmProjects/onemoretry/venv/lib/python3.11/site-packages/django/db/models/query.py\", line 1454, in _filter_or_exclude\n    clone._filter_or_exclude_inplace(negate, args, kwargs)\n  File \"/Users/anastasiiakarapetian/PycharmProjects/onemoretry/venv/lib/python3.11/site-packages/django/db/models/query.py\", line 1461, in _filter_or_exclude_inplace\n    self._query.add_q(Q(*args, **kwargs))\n  File \"/Users/anastasiiakarapetian/PycharmProjects/onemoretry/venv/lib/python3.11/site-packages/django/db/models/sql/query.py\", line 1498, in add_q\n    clause, _ = self._add_q(q_object, self.used_aliases)\n                ^^^^^^^^^^^^^^^^^^^^^^^^^^^^^^^^^^^^^^^^\n  File \"/Users/anastasiiakarapetian/PycharmProjects/onemoretry/venv/lib/python3.11/site-packages/django/db/models/sql/query.py\", line 1529, in _add_q\n    child_clause, needed_inner = self.build_filter(\n                                 ^^^^^^^^^^^^^^^^^^\n  File \"/Users/anastasiiakarapetian/PycharmProjects/onemoretry/venv/lib/python3.11/site-packages/django/db/models/sql/query.py\", line 1379, in build_filter\n    lookups, parts, reffed_expression = self.solve_lookup_type(arg, summarize)\n                                        ^^^^^^^^^^^^^^^^^^^^^^^^^^^^^^^^^^^^^^\n  File \"/Users/anastasiiakarapetian/PycharmProjects/onemoretry/venv/lib/python3.11/site-packages/django/db/models/sql/query.py\", line 1189, in solve_lookup_type\n    _, field, _, lookup_parts = self.names_to_path(lookup_splitted, self.get_meta())\n                                ^^^^^^^^^^^^^^^^^^^^^^^^^^^^^^^^^^^^^^^^^^^^^^^^^^^^\n  File \"/Users/anastasiiakarapetian/PycharmProjects/onemoretry/venv/lib/python3.11/site-packages/django/db/models/sql/query.py\", line 1677, in names_to_path\n    raise FieldError(\n"}}, {"model": "django_apscheduler.djangojobexecution", "pk": 118, "fields": {"job": "my_job", "status": "Error!", "run_time": "2023-05-23T13:32:20Z", "duration": "0.03", "finished": "1684848740.03", "exception": "Cannot resolve keyword 'date_post' into field. Choices are: author, author_id, category, comment, id, postcategory, rating, text, time_in, title, type", "traceback": "  File \"/Users/anastasiiakarapetian/PycharmProjects/onemoretry/venv/lib/python3.11/site-packages/apscheduler/executors/base.py\", line 125, in run_job\n    retval = job.func(*job.args, **job.kwargs)\n             ^^^^^^^^^^^^^^^^^^^^^^^^^^^^^^^^^\n  File \"/Users/anastasiiakarapetian/PycharmProjects/onemoretry/project/NewsPortal/management/commands/runapscheduler.py\", line 22, in my_job\n    posts = Post.objects.filter(date_post__gte=day_week_ago)\n            ^^^^^^^^^^^^^^^^^^^^^^^^^^^^^^^^^^^^^^^^^^^^^^^^\n  File \"/Users/anastasiiakarapetian/PycharmProjects/onemoretry/venv/lib/python3.11/site-packages/django/db/models/manager.py\", line 87, in manager_method\n    return getattr(self.get_queryset(), name)(*args, **kwargs)\n           ^^^^^^^^^^^^^^^^^^^^^^^^^^^^^^^^^^^^^^^^^^^^^^^^^^^\n  File \"/Users/anastasiiakarapetian/PycharmProjects/onemoretry/venv/lib/python3.11/site-packages/django/db/models/query.py\", line 1436, in filter\n    return self._filter_or_exclude(False, args, kwargs)\n           ^^^^^^^^^^^^^^^^^^^^^^^^^^^^^^^^^^^^^^^^^^^^\n  File \"/Users/anastasiiakarapetian/PycharmProjects/onemoretry/venv/lib/python3.11/site-packages/django/db/models/query.py\", line 1454, in _filter_or_exclude\n    clone._filter_or_exclude_inplace(negate, args, kwargs)\n  File \"/Users/anastasiiakarapetian/PycharmProjects/onemoretry/venv/lib/python3.11/site-packages/django/db/models/query.py\", line 1461, in _filter_or_exclude_inplace\n    self._query.add_q(Q(*args, **kwargs))\n  File \"/Users/anastasiiakarapetian/PycharmProjects/onemoretry/venv/lib/python3.11/site-packages/django/db/models/sql/query.py\", line 1498, in add_q\n    clause, _ = self._add_q(q_object, self.used_aliases)\n                ^^^^^^^^^^^^^^^^^^^^^^^^^^^^^^^^^^^^^^^^\n  File \"/Users/anastasiiakarapetian/PycharmProjects/onemoretry/venv/lib/python3.11/site-packages/django/db/models/sql/query.py\", line 1529, in _add_q\n    child_clause, needed_inner = self.build_filter(\n                                 ^^^^^^^^^^^^^^^^^^\n  File \"/Users/anastasiiakarapetian/PycharmProjects/onemoretry/venv/lib/python3.11/site-packages/django/db/models/sql/query.py\", line 1379, in build_filter\n    lookups, parts, reffed_expression = self.solve_lookup_type(arg, summarize)\n                                        ^^^^^^^^^^^^^^^^^^^^^^^^^^^^^^^^^^^^^^\n  File \"/Users/anastasiiakarapetian/PycharmProjects/onemoretry/venv/lib/python3.11/site-packages/django/db/models/sql/query.py\", line 1189, in solve_lookup_type\n    _, field, _, lookup_parts = self.names_to_path(lookup_splitted, self.get_meta())\n                                ^^^^^^^^^^^^^^^^^^^^^^^^^^^^^^^^^^^^^^^^^^^^^^^^^^^^\n  File \"/Users/anastasiiakarapetian/PycharmProjects/onemoretry/venv/lib/python3.11/site-packages/django/db/models/sql/query.py\", line 1677, in names_to_path\n    raise FieldError(\n"}}, {"model": "django_apscheduler.djangojobexecution", "pk": 119, "fields": {"job": "my_job", "status": "Error!", "run_time": "2023-05-23T13:32:30Z", "duration": "0.03", "finished": "1684848750.03", "exception": "Cannot resolve keyword 'date_post' into field. Choices are: author, author_id, category, comment, id, postcategory, rating, text, time_in, title, type", "traceback": "  File \"/Users/anastasiiakarapetian/PycharmProjects/onemoretry/venv/lib/python3.11/site-packages/apscheduler/executors/base.py\", line 125, in run_job\n    retval = job.func(*job.args, **job.kwargs)\n             ^^^^^^^^^^^^^^^^^^^^^^^^^^^^^^^^^\n  File \"/Users/anastasiiakarapetian/PycharmProjects/onemoretry/project/NewsPortal/management/commands/runapscheduler.py\", line 22, in my_job\n    posts = Post.objects.filter(date_post__gte=day_week_ago)\n            ^^^^^^^^^^^^^^^^^^^^^^^^^^^^^^^^^^^^^^^^^^^^^^^^\n  File \"/Users/anastasiiakarapetian/PycharmProjects/onemoretry/venv/lib/python3.11/site-packages/django/db/models/manager.py\", line 87, in manager_method\n    return getattr(self.get_queryset(), name)(*args, **kwargs)\n           ^^^^^^^^^^^^^^^^^^^^^^^^^^^^^^^^^^^^^^^^^^^^^^^^^^^\n  File \"/Users/anastasiiakarapetian/PycharmProjects/onemoretry/venv/lib/python3.11/site-packages/django/db/models/query.py\", line 1436, in filter\n    return self._filter_or_exclude(False, args, kwargs)\n           ^^^^^^^^^^^^^^^^^^^^^^^^^^^^^^^^^^^^^^^^^^^^\n  File \"/Users/anastasiiakarapetian/PycharmProjects/onemoretry/venv/lib/python3.11/site-packages/django/db/models/query.py\", line 1454, in _filter_or_exclude\n    clone._filter_or_exclude_inplace(negate, args, kwargs)\n  File \"/Users/anastasiiakarapetian/PycharmProjects/onemoretry/venv/lib/python3.11/site-packages/django/db/models/query.py\", line 1461, in _filter_or_exclude_inplace\n    self._query.add_q(Q(*args, **kwargs))\n  File \"/Users/anastasiiakarapetian/PycharmProjects/onemoretry/venv/lib/python3.11/site-packages/django/db/models/sql/query.py\", line 1498, in add_q\n    clause, _ = self._add_q(q_object, self.used_aliases)\n                ^^^^^^^^^^^^^^^^^^^^^^^^^^^^^^^^^^^^^^^^\n  File \"/Users/anastasiiakarapetian/PycharmProjects/onemoretry/venv/lib/python3.11/site-packages/django/db/models/sql/query.py\", line 1529, in _add_q\n    child_clause, needed_inner = self.build_filter(\n                                 ^^^^^^^^^^^^^^^^^^\n  File \"/Users/anastasiiakarapetian/PycharmProjects/onemoretry/venv/lib/python3.11/site-packages/django/db/models/sql/query.py\", line 1379, in build_filter\n    lookups, parts, reffed_expression = self.solve_lookup_type(arg, summarize)\n                                        ^^^^^^^^^^^^^^^^^^^^^^^^^^^^^^^^^^^^^^\n  File \"/Users/anastasiiakarapetian/PycharmProjects/onemoretry/venv/lib/python3.11/site-packages/django/db/models/sql/query.py\", line 1189, in solve_lookup_type\n    _, field, _, lookup_parts = self.names_to_path(lookup_splitted, self.get_meta())\n                                ^^^^^^^^^^^^^^^^^^^^^^^^^^^^^^^^^^^^^^^^^^^^^^^^^^^^\n  File \"/Users/anastasiiakarapetian/PycharmProjects/onemoretry/venv/lib/python3.11/site-packages/django/db/models/sql/query.py\", line 1677, in names_to_path\n    raise FieldError(\n"}}, {"model": "django_apscheduler.djangojobexecution", "pk": 120, "fields": {"job": "my_job", "status": "Error!", "run_time": "2023-05-23T13:32:40Z", "duration": "0.02", "finished": "1684848760.02", "exception": "Cannot resolve keyword 'date_post' into field. Choices are: author, author_id, category, comment, id, postcategory, rating, text, time_in, title, type", "traceback": "  File \"/Users/anastasiiakarapetian/PycharmProjects/onemoretry/venv/lib/python3.11/site-packages/apscheduler/executors/base.py\", line 125, in run_job\n    retval = job.func(*job.args, **job.kwargs)\n             ^^^^^^^^^^^^^^^^^^^^^^^^^^^^^^^^^\n  File \"/Users/anastasiiakarapetian/PycharmProjects/onemoretry/project/NewsPortal/management/commands/runapscheduler.py\", line 22, in my_job\n    posts = Post.objects.filter(date_post__gte=day_week_ago)\n            ^^^^^^^^^^^^^^^^^^^^^^^^^^^^^^^^^^^^^^^^^^^^^^^^\n  File \"/Users/anastasiiakarapetian/PycharmProjects/onemoretry/venv/lib/python3.11/site-packages/django/db/models/manager.py\", line 87, in manager_method\n    return getattr(self.get_queryset(), name)(*args, **kwargs)\n           ^^^^^^^^^^^^^^^^^^^^^^^^^^^^^^^^^^^^^^^^^^^^^^^^^^^\n  File \"/Users/anastasiiakarapetian/PycharmProjects/onemoretry/venv/lib/python3.11/site-packages/django/db/models/query.py\", line 1436, in filter\n    return self._filter_or_exclude(False, args, kwargs)\n           ^^^^^^^^^^^^^^^^^^^^^^^^^^^^^^^^^^^^^^^^^^^^\n  File \"/Users/anastasiiakarapetian/PycharmProjects/onemoretry/venv/lib/python3.11/site-packages/django/db/models/query.py\", line 1454, in _filter_or_exclude\n    clone._filter_or_exclude_inplace(negate, args, kwargs)\n  File \"/Users/anastasiiakarapetian/PycharmProjects/onemoretry/venv/lib/python3.11/site-packages/django/db/models/query.py\", line 1461, in _filter_or_exclude_inplace\n    self._query.add_q(Q(*args, **kwargs))\n  File \"/Users/anastasiiakarapetian/PycharmProjects/onemoretry/venv/lib/python3.11/site-packages/django/db/models/sql/query.py\", line 1498, in add_q\n    clause, _ = self._add_q(q_object, self.used_aliases)\n                ^^^^^^^^^^^^^^^^^^^^^^^^^^^^^^^^^^^^^^^^\n  File \"/Users/anastasiiakarapetian/PycharmProjects/onemoretry/venv/lib/python3.11/site-packages/django/db/models/sql/query.py\", line 1529, in _add_q\n    child_clause, needed_inner = self.build_filter(\n                                 ^^^^^^^^^^^^^^^^^^\n  File \"/Users/anastasiiakarapetian/PycharmProjects/onemoretry/venv/lib/python3.11/site-packages/django/db/models/sql/query.py\", line 1379, in build_filter\n    lookups, parts, reffed_expression = self.solve_lookup_type(arg, summarize)\n                                        ^^^^^^^^^^^^^^^^^^^^^^^^^^^^^^^^^^^^^^\n  File \"/Users/anastasiiakarapetian/PycharmProjects/onemoretry/venv/lib/python3.11/site-packages/django/db/models/sql/query.py\", line 1189, in solve_lookup_type\n    _, field, _, lookup_parts = self.names_to_path(lookup_splitted, self.get_meta())\n                                ^^^^^^^^^^^^^^^^^^^^^^^^^^^^^^^^^^^^^^^^^^^^^^^^^^^^\n  File \"/Users/anastasiiakarapetian/PycharmProjects/onemoretry/venv/lib/python3.11/site-packages/django/db/models/sql/query.py\", line 1677, in names_to_path\n    raise FieldError(\n"}}, {"model": "django_apscheduler.djangojobexecution", "pk": 121, "fields": {"job": "my_job", "status": "Error!", "run_time": "2023-05-23T13:32:50Z", "duration": "0.03", "finished": "1684848770.03", "exception": "Cannot resolve keyword 'categories' into field. Choices are: author, author_id, category, comment, id, postcategory, rating, text, time_in, title, type", "traceback": "  File \"/Users/anastasiiakarapetian/PycharmProjects/onemoretry/venv/lib/python3.11/site-packages/apscheduler/executors/base.py\", line 125, in run_job\n    retval = job.func(*job.args, **job.kwargs)\n             ^^^^^^^^^^^^^^^^^^^^^^^^^^^^^^^^^\n  File \"/Users/anastasiiakarapetian/PycharmProjects/onemoretry/project/NewsPortal/management/commands/runapscheduler.py\", line 23, in my_job\n    categories = set(posts.values_list('categories__name', flat=True))  # берем только имя\n                     ^^^^^^^^^^^^^^^^^^^^^^^^^^^^^^^^^^^^^^^^^^^^^^^^\n  File \"/Users/anastasiiakarapetian/PycharmProjects/onemoretry/venv/lib/python3.11/site-packages/django/db/models/query.py\", line 1345, in values_list\n    clone = self._values(*_fields, **expressions)\n            ^^^^^^^^^^^^^^^^^^^^^^^^^^^^^^^^^^^^^\n  File \"/Users/anastasiiakarapetian/PycharmProjects/onemoretry/venv/lib/python3.11/site-packages/django/db/models/query.py\", line 1308, in _values\n    clone.query.set_values(fields)\n  File \"/Users/anastasiiakarapetian/PycharmProjects/onemoretry/venv/lib/python3.11/site-packages/django/db/models/sql/query.py\", line 2413, in set_values\n    self.add_fields(field_names, True)\n  File \"/Users/anastasiiakarapetian/PycharmProjects/onemoretry/venv/lib/python3.11/site-packages/django/db/models/sql/query.py\", line 2114, in add_fields\n    join_info = self.setup_joins(\n                ^^^^^^^^^^^^^^^^^\n  File \"/Users/anastasiiakarapetian/PycharmProjects/onemoretry/venv/lib/python3.11/site-packages/django/db/models/sql/query.py\", line 1776, in setup_joins\n    path, final_field, targets, rest = self.names_to_path(\n                                       ^^^^^^^^^^^^^^^^^^^\n  File \"/Users/anastasiiakarapetian/PycharmProjects/onemoretry/venv/lib/python3.11/site-packages/django/db/models/sql/query.py\", line 1677, in names_to_path\n    raise FieldError(\n"}}, {"model": "django_apscheduler.djangojobexecution", "pk": 122, "fields": {"job": "my_job", "status": "Error!", "run_time": "2023-05-23T13:33:00Z", "duration": "0.03", "finished": "1684848780.03", "exception": "Cannot resolve keyword 'categories' into field. Choices are: author, author_id, category, comment, id, postcategory, rating, text, time_in, title, type", "traceback": "  File \"/Users/anastasiiakarapetian/PycharmProjects/onemoretry/venv/lib/python3.11/site-packages/apscheduler/executors/base.py\", line 125, in run_job\n    retval = job.func(*job.args, **job.kwargs)\n             ^^^^^^^^^^^^^^^^^^^^^^^^^^^^^^^^^\n  File \"/Users/anastasiiakarapetian/PycharmProjects/onemoretry/project/NewsPortal/management/commands/runapscheduler.py\", line 23, in my_job\n    categories = set(posts.values_list('categories__name', flat=True))  # берем только имя\n                     ^^^^^^^^^^^^^^^^^^^^^^^^^^^^^^^^^^^^^^^^^^^^^^^^\n  File \"/Users/anastasiiakarapetian/PycharmProjects/onemoretry/venv/lib/python3.11/site-packages/django/db/models/query.py\", line 1345, in values_list\n    clone = self._values(*_fields, **expressions)\n            ^^^^^^^^^^^^^^^^^^^^^^^^^^^^^^^^^^^^^\n  File \"/Users/anastasiiakarapetian/PycharmProjects/onemoretry/venv/lib/python3.11/site-packages/django/db/models/query.py\", line 1308, in _values\n    clone.query.set_values(fields)\n  File \"/Users/anastasiiakarapetian/PycharmProjects/onemoretry/venv/lib/python3.11/site-packages/django/db/models/sql/query.py\", line 2413, in set_values\n    self.add_fields(field_names, True)\n  File \"/Users/anastasiiakarapetian/PycharmProjects/onemoretry/venv/lib/python3.11/site-packages/django/db/models/sql/query.py\", line 2114, in add_fields\n    join_info = self.setup_joins(\n                ^^^^^^^^^^^^^^^^^\n  File \"/Users/anastasiiakarapetian/PycharmProjects/onemoretry/venv/lib/python3.11/site-packages/django/db/models/sql/query.py\", line 1776, in setup_joins\n    path, final_field, targets, rest = self.names_to_path(\n                                       ^^^^^^^^^^^^^^^^^^^\n  File \"/Users/anastasiiakarapetian/PycharmProjects/onemoretry/venv/lib/python3.11/site-packages/django/db/models/sql/query.py\", line 1677, in names_to_path\n    raise FieldError(\n"}}, {"model": "django_apscheduler.djangojobexecution", "pk": 123, "fields": {"job": "my_job", "status": "Error!", "run_time": "2023-05-23T13:33:10Z", "duration": "0.03", "finished": "1684848790.03", "exception": "Cannot resolve keyword 'categories' into field. Choices are: author, author_id, category, comment, id, postcategory, rating, text, time_in, title, type", "traceback": "  File \"/Users/anastasiiakarapetian/PycharmProjects/onemoretry/venv/lib/python3.11/site-packages/apscheduler/executors/base.py\", line 125, in run_job\n    retval = job.func(*job.args, **job.kwargs)\n             ^^^^^^^^^^^^^^^^^^^^^^^^^^^^^^^^^\n  File \"/Users/anastasiiakarapetian/PycharmProjects/onemoretry/project/NewsPortal/management/commands/runapscheduler.py\", line 23, in my_job\n    categories = set(posts.values_list('categories__name', flat=True))  # берем только имя\n                     ^^^^^^^^^^^^^^^^^^^^^^^^^^^^^^^^^^^^^^^^^^^^^^^^\n  File \"/Users/anastasiiakarapetian/PycharmProjects/onemoretry/venv/lib/python3.11/site-packages/django/db/models/query.py\", line 1345, in values_list\n    clone = self._values(*_fields, **expressions)\n            ^^^^^^^^^^^^^^^^^^^^^^^^^^^^^^^^^^^^^\n  File \"/Users/anastasiiakarapetian/PycharmProjects/onemoretry/venv/lib/python3.11/site-packages/django/db/models/query.py\", line 1308, in _values\n    clone.query.set_values(fields)\n  File \"/Users/anastasiiakarapetian/PycharmProjects/onemoretry/venv/lib/python3.11/site-packages/django/db/models/sql/query.py\", line 2413, in set_values\n    self.add_fields(field_names, True)\n  File \"/Users/anastasiiakarapetian/PycharmProjects/onemoretry/venv/lib/python3.11/site-packages/django/db/models/sql/query.py\", line 2114, in add_fields\n    join_info = self.setup_joins(\n                ^^^^^^^^^^^^^^^^^\n  File \"/Users/anastasiiakarapetian/PycharmProjects/onemoretry/venv/lib/python3.11/site-packages/django/db/models/sql/query.py\", line 1776, in setup_joins\n    path, final_field, targets, rest = self.names_to_path(\n                                       ^^^^^^^^^^^^^^^^^^^\n  File \"/Users/anastasiiakarapetian/PycharmProjects/onemoretry/venv/lib/python3.11/site-packages/django/db/models/sql/query.py\", line 1677, in names_to_path\n    raise FieldError(\n"}}, {"model": "django_apscheduler.djangojobexecution", "pk": 124, "fields": {"job": "my_job", "status": "Error!", "run_time": "2023-05-23T13:33:20Z", "duration": "0.03", "finished": "1684848800.03", "exception": "Cannot resolve keyword 'subscriber' into field. Choices are: categorysubscribe, id, name, post, postcategory, subscribe", "traceback": "  File \"/Users/anastasiiakarapetian/PycharmProjects/onemoretry/venv/lib/python3.11/site-packages/apscheduler/executors/base.py\", line 125, in run_job\n    retval = job.func(*job.args, **job.kwargs)\n             ^^^^^^^^^^^^^^^^^^^^^^^^^^^^^^^^^\n  File \"/Users/anastasiiakarapetian/PycharmProjects/onemoretry/project/NewsPortal/management/commands/runapscheduler.py\", line 25, in my_job\n    Category.objects.filter(name__in=categories).values_list('subscriber__email', flat=True))\n    ^^^^^^^^^^^^^^^^^^^^^^^^^^^^^^^^^^^^^^^^^^^^^^^^^^^^^^^^^^^^^^^^^^^^^^^^^^^^^^^^^^^^^^^^\n  File \"/Users/anastasiiakarapetian/PycharmProjects/onemoretry/venv/lib/python3.11/site-packages/django/db/models/query.py\", line 1345, in values_list\n    clone = self._values(*_fields, **expressions)\n            ^^^^^^^^^^^^^^^^^^^^^^^^^^^^^^^^^^^^^\n  File \"/Users/anastasiiakarapetian/PycharmProjects/onemoretry/venv/lib/python3.11/site-packages/django/db/models/query.py\", line 1308, in _values\n    clone.query.set_values(fields)\n  File \"/Users/anastasiiakarapetian/PycharmProjects/onemoretry/venv/lib/python3.11/site-packages/django/db/models/sql/query.py\", line 2413, in set_values\n    self.add_fields(field_names, True)\n  File \"/Users/anastasiiakarapetian/PycharmProjects/onemoretry/venv/lib/python3.11/site-packages/django/db/models/sql/query.py\", line 2114, in add_fields\n    join_info = self.setup_joins(\n                ^^^^^^^^^^^^^^^^^\n  File \"/Users/anastasiiakarapetian/PycharmProjects/onemoretry/venv/lib/python3.11/site-packages/django/db/models/sql/query.py\", line 1776, in setup_joins\n    path, final_field, targets, rest = self.names_to_path(\n                                       ^^^^^^^^^^^^^^^^^^^\n  File \"/Users/anastasiiakarapetian/PycharmProjects/onemoretry/venv/lib/python3.11/site-packages/django/db/models/sql/query.py\", line 1677, in names_to_path\n    raise FieldError(\n"}}, {"model": "django_apscheduler.djangojobexecution", "pk": 125, "fields": {"job": "my_job", "status": "Error!", "run_time": "2023-05-23T13:33:30Z", "duration": "0.03", "finished": "1684848810.03", "exception": "posts_created_last_week.html", "traceback": "  File \"/Users/anastasiiakarapetian/PycharmProjects/onemoretry/venv/lib/python3.11/site-packages/apscheduler/executors/base.py\", line 125, in run_job\n    retval = job.func(*job.args, **job.kwargs)\n             ^^^^^^^^^^^^^^^^^^^^^^^^^^^^^^^^^\n  File \"/Users/anastasiiakarapetian/PycharmProjects/onemoretry/project/NewsPortal/management/commands/runapscheduler.py\", line 27, in my_job\n    html_content = render_to_string(\n                   ^^^^^^^^^^^^^^^^^\n  File \"/Users/anastasiiakarapetian/PycharmProjects/onemoretry/venv/lib/python3.11/site-packages/django/template/loader.py\", line 61, in render_to_string\n    template = get_template(template_name, using=using)\n               ^^^^^^^^^^^^^^^^^^^^^^^^^^^^^^^^^^^^^^^^\n  File \"/Users/anastasiiakarapetian/PycharmProjects/onemoretry/venv/lib/python3.11/site-packages/django/template/loader.py\", line 19, in get_template\n    raise TemplateDoesNotExist(template_name, chain=chain)\n"}}, {"model": "django_apscheduler.djangojobexecution", "pk": 126, "fields": {"job": "my_job", "status": "Error!", "run_time": "2023-05-23T13:33:40Z", "duration": "0.04", "finished": "1684848820.04", "exception": "posts_created_last_week.html", "traceback": "  File \"/Users/anastasiiakarapetian/PycharmProjects/onemoretry/venv/lib/python3.11/site-packages/apscheduler/executors/base.py\", line 125, in run_job\n    retval = job.func(*job.args, **job.kwargs)\n             ^^^^^^^^^^^^^^^^^^^^^^^^^^^^^^^^^\n  File \"/Users/anastasiiakarapetian/PycharmProjects/onemoretry/project/NewsPortal/management/commands/runapscheduler.py\", line 27, in my_job\n    html_content = render_to_string(\n                   ^^^^^^^^^^^^^^^^^\n  File \"/Users/anastasiiakarapetian/PycharmProjects/onemoretry/venv/lib/python3.11/site-packages/django/template/loader.py\", line 61, in render_to_string\n    template = get_template(template_name, using=using)\n               ^^^^^^^^^^^^^^^^^^^^^^^^^^^^^^^^^^^^^^^^\n  File \"/Users/anastasiiakarapetian/PycharmProjects/onemoretry/venv/lib/python3.11/site-packages/django/template/loader.py\", line 19, in get_template\n    raise TemplateDoesNotExist(template_name, chain=chain)\n"}}, {"model": "django_apscheduler.djangojobexecution", "pk": 127, "fields": {"job": "my_job", "status": "Error!", "run_time": "2023-05-23T13:33:50Z", "duration": "0.02", "finished": "1684848830.02", "exception": "posts_created_last_week.html", "traceback": "  File \"/Users/anastasiiakarapetian/PycharmProjects/onemoretry/venv/lib/python3.11/site-packages/apscheduler/executors/base.py\", line 125, in run_job\n    retval = job.func(*job.args, **job.kwargs)\n             ^^^^^^^^^^^^^^^^^^^^^^^^^^^^^^^^^\n  File \"/Users/anastasiiakarapetian/PycharmProjects/onemoretry/project/NewsPortal/management/commands/runapscheduler.py\", line 27, in my_job\n    html_content = render_to_string(\n                   ^^^^^^^^^^^^^^^^^\n  File \"/Users/anastasiiakarapetian/PycharmProjects/onemoretry/venv/lib/python3.11/site-packages/django/template/loader.py\", line 61, in render_to_string\n    template = get_template(template_name, using=using)\n               ^^^^^^^^^^^^^^^^^^^^^^^^^^^^^^^^^^^^^^^^\n  File \"/Users/anastasiiakarapetian/PycharmProjects/onemoretry/venv/lib/python3.11/site-packages/django/template/loader.py\", line 19, in get_template\n    raise TemplateDoesNotExist(template_name, chain=chain)\n"}}, {"model": "django_apscheduler.djangojobexecution", "pk": 128, "fields": {"job": "my_job", "status": "Error!", "run_time": "2023-05-23T13:34:00Z", "duration": "0.03", "finished": "1684848840.03", "exception": "posts_created_last_week.html", "traceback": "  File \"/Users/anastasiiakarapetian/PycharmProjects/onemoretry/venv/lib/python3.11/site-packages/apscheduler/executors/base.py\", line 125, in run_job\n    retval = job.func(*job.args, **job.kwargs)\n             ^^^^^^^^^^^^^^^^^^^^^^^^^^^^^^^^^\n  File \"/Users/anastasiiakarapetian/PycharmProjects/onemoretry/project/NewsPortal/management/commands/runapscheduler.py\", line 27, in my_job\n    html_content = render_to_string(\n                   ^^^^^^^^^^^^^^^^^\n  File \"/Users/anastasiiakarapetian/PycharmProjects/onemoretry/venv/lib/python3.11/site-packages/django/template/loader.py\", line 61, in render_to_string\n    template = get_template(template_name, using=using)\n               ^^^^^^^^^^^^^^^^^^^^^^^^^^^^^^^^^^^^^^^^\n  File \"/Users/anastasiiakarapetian/PycharmProjects/onemoretry/venv/lib/python3.11/site-packages/django/template/loader.py\", line 19, in get_template\n    raise TemplateDoesNotExist(template_name, chain=chain)\n"}}, {"model": "django_apscheduler.djangojobexecution", "pk": 129, "fields": {"job": "my_job", "status": "Executed", "run_time": "2023-05-23T13:34:10Z", "duration": "2.20", "finished": "1684848852.20", "exception": null, "traceback": null}}, {"model": "django_apscheduler.djangojobexecution", "pk": 130, "fields": {"job": "my_job", "status": "Executed", "run_time": "2023-05-23T13:34:20Z", "duration": "1.51", "finished": "1684848861.51", "exception": null, "traceback": null}}, {"model": "django_apscheduler.djangojobexecution", "pk": 131, "fields": {"job": "my_job", "status": "Executed", "run_time": "2023-05-23T13:34:30Z", "duration": "1.29", "finished": "1684848871.29", "exception": null, "traceback": null}}, {"model": "django_apscheduler.djangojobexecution", "pk": 132, "fields": {"job": "my_job", "status": "Executed", "run_time": "2023-05-23T13:34:40Z", "duration": "1.06", "finished": "1684848881.06", "exception": null, "traceback": null}}, {"model": "django_apscheduler.djangojobexecution", "pk": 133, "fields": {"job": "my_job", "status": "Executed", "run_time": "2023-05-23T13:34:50Z", "duration": "1.02", "finished": "1684848891.02", "exception": null, "traceback": null}}, {"model": "django_apscheduler.djangojobexecution", "pk": 134, "fields": {"job": "my_job", "status": "Executed", "run_time": "2023-05-23T13:37:40Z", "duration": "1.50", "finished": "1684849061.50", "exception": null, "traceback": null}}, {"model": "django_apscheduler.djangojobexecution", "pk": 135, "fields": {"job": "my_job", "status": "Executed", "run_time": "2023-05-23T13:37:50Z", "duration": "1.06", "finished": "1684849071.06", "exception": null, "traceback": null}}, {"model": "django_apscheduler.djangojobexecution", "pk": 136, "fields": {"job": "my_job", "status": "Executed", "run_time": "2023-05-23T13:38:00Z", "duration": "1.23", "finished": "1684849081.23", "exception": null, "traceback": null}}, {"model": "django_apscheduler.djangojobexecution", "pk": 137, "fields": {"job": "my_job", "status": "Executed", "run_time": "2023-05-23T13:38:10Z", "duration": "1.08", "finished": "1684849091.08", "exception": null, "traceback": null}}, {"model": "django_apscheduler.djangojobexecution", "pk": 138, "fields": {"job": "my_job", "status": "Executed", "run_time": "2023-05-23T13:38:20Z", "duration": "1.42", "finished": "1684849101.42", "exception": null, "traceback": null}}, {"model": "django_apscheduler.djangojobexecution", "pk": 139, "fields": {"job": "my_job", "status": "Executed", "run_time": "2023-05-23T13:38:30Z", "duration": "1.38", "finished": "1684849111.38", "exception": null, "traceback": null}}, {"model": "django_apscheduler.djangojobexecution", "pk": 140, "fields": {"job": "my_job", "status": "Executed", "run_time": "2023-05-23T13:39:50Z", "duration": "1.73", "finished": "1684849191.73", "exception": null, "traceback": null}}, {"model": "django_apscheduler.djangojobexecution", "pk": 141, "fields": {"job": "my_job", "status": "Executed", "run_time": "2023-05-23T13:40:00Z", "duration": "1.18", "finished": "1684849201.18", "exception": null, "traceback": null}}, {"model": "django_apscheduler.djangojobexecution", "pk": 142, "fields": {"job": "my_job", "status": "Executed", "run_time": "2023-05-23T13:40:10Z", "duration": "1.32", "finished": "1684849211.32", "exception": null, "traceback": null}}]